timestamp,accelX,accelY,accelZ,gyroX,gyroY,gyroZ,roll,pitch
26/11/2024 12:47,0.37,0.21,-0.83,-9.46,-7.2,-0.31,166.06,-23.35
26/11/2024 12:47,0.38,0.22,-0.82,-10.19,-5.74,-0.85,164.94,-24.03
26/11/2024 12:47,0.39,0.22,-0.82,-12.76,-5.8,-0.79,164.91,-24.33
26/11/2024 12:47,0.49,0.27,-0.96,-16.66,-16.78,-2.99,164.35,-26.16
26/11/2024 12:47,0.8,0.24,-1.22,-36.44,-63.72,-15.93,168.78,-32.67
26/11/2024 12:47,0.89,0.23,-1.17,-9.34,-136.41,-28.56,168.93,-36.77
26/11/2024 12:47,0.88,0.15,-0.95,-8,-173.95,-32.96,170.95,-42.51
26/11/2024 12:47,0.81,0.11,-0.59,-10.01,-181.03,-30.76,169.65,-53.56
26/11/2024 12:47,0.73,0.1,-0.2,-9.83,-171.2,-34.12,153.49,-72.65
26/11/2024 12:47,0.7,0.01,0.09,-14.83,-157.47,-40.59,8.21,-82.26
26/11/2024 12:47,0.73,-0.05,0.36,-16.3,-148.62,-43.88,-7.79,-63.24
26/11/2024 12:47,0.58,-0.04,0.57,-16.3,-147.52,-44.8,-4.04,-45.1
26/11/2024 12:47,0.37,-0.16,0.72,-13.61,-150.51,-45.04,-12.69,-26.95
26/11/2024 12:47,0.17,-0.12,0.85,-15.63,-148.32,-44.25,-7.99,-11.35
26/11/2024 12:47,-0.13,-0.14,0.86,-6.23,-146.97,-47.42,-9.06,8.38
26/11/2024 12:47,-0.43,-0.12,0.91,-10.8,-139.1,-50.96,-7.67,24.94
26/11/2024 12:47,-0.64,-0.19,0.89,-11.29,-125.85,-45.35,-11.82,35.15
26/11/2024 12:47,-0.78,-0.16,0.9,-6.77,-90.82,-26.18,-10.04,40.44
26/11/2024 12:47,-0.87,-0.16,0.82,-12.88,-54.08,-12.88,-10.92,46.22
26/11/2024 12:47,-0.93,-0.06,0.75,-14.59,-19.47,-6.84,-4.49,51
26/11/2024 12:47,-0.93,-0.07,0.72,-7.63,6.77,0,-5.46,52.03
26/11/2024 12:47,-1.19,-0.08,0.7,-7.87,48.03,19.96,-6.19,59.49
26/11/2024 12:47,-1.65,0.04,0.53,-0.61,167.72,75.01,4.21,72.1
26/11/2024 12:47,-1.18,0.13,0.12,-0.55,338.75,132.02,47.17,81.22
26/11/2024 12:47,0.05,-0.06,-0.27,-3.48,434.45,151.43,-167.3,-10.92
26/11/2024 12:47,0.98,0.24,-0.84,-32.65,419.8,118.1,163.99,-48.21
26/11/2024 12:47,0.7,0.38,-1.56,-35.64,325.62,72.75,166.23,-23.66
26/11/2024 12:47,0.52,0.36,-1.39,49.93,158.45,55.05,165.56,-19.69
26/11/2024 12:47,0.31,0.4,-1.08,13.31,66.77,10.86,159.56,-15.25
26/11/2024 12:47,0.27,0.29,-1.01,-3.54,5.25,-11.05,163.82,-14.58
26/11/2024 12:47,0.25,0.25,-0.94,-8.73,-8.61,-10.07,165.17,-14.6
26/11/2024 12:47,0.23,0.27,-0.83,-9.46,-8.18,-0.31,162.22,-14.72
26/11/2024 12:47,0.24,0.29,-0.85,-7.75,-10.01,4.64,161.24,-15.33
26/11/2024 12:47,0.25,0.28,-0.83,-14.47,-8.54,-0.18,161.23,-15.93
26/11/2024 12:47,0.25,0.31,-0.81,-9.28,-8.54,-2.69,158.73,-16.18
26/11/2024 12:47,0.22,0.26,-0.83,-12.39,-7.14,0.49,162.61,-14.23
26/11/2024 12:47,0.2,0.24,-0.84,-12.63,-7.81,0,164,-12.84
26/11/2024 12:47,0.26,0.31,-0.77,-5,-13.43,-1.34,158.36,-17.1
26/11/2024 12:47,0.25,0.27,-0.77,-22.09,-13.55,-2.26,160.77,-17.13
26/11/2024 12:47,0.26,0.3,-0.79,-12.02,-13.98,-5.13,158.89,-16.95
26/11/2024 12:47,0.29,0.25,-0.81,-12.27,-0.67,0.37,162.67,-18.77
26/11/2024 12:47,0.29,0.27,-0.86,-3.3,-0.67,1.83,162.75,-18.2
26/11/2024 12:47,0.3,0.31,-0.83,-2.2,-6.9,-0.31,159.27,-18.79
26/11/2024 12:47,0.39,0.23,-0.89,-27.95,-4.7,-0.49,165.72,-23.08
26/11/2024 12:47,0.39,0.27,-0.9,-9.58,-1.95,-4.15,163.07,-22.48
26/11/2024 12:47,0.38,0.25,-0.89,-9.95,-4.33,-1.65,164.15,-22.61
26/11/2024 12:47,0.34,0.25,-0.89,-8.73,-4.82,-1.1,164.19,-20.38
26/11/2024 12:47,0.34,0.24,-0.84,-20.32,-5,-3.6,163.78,-21.09
26/11/2024 12:47,0.39,0.29,-0.98,-21.06,-26.18,-5.92,163.5,-21.02
26/11/2024 12:47,0.58,0.31,-1.11,4.09,-75.38,-12.63,164.45,-26.51
26/11/2024 12:47,0.71,0.32,-1.07,-0.61,-114.07,-20.14,163.6,-32.42
26/11/2024 12:47,0.85,0.24,-0.94,-1.28,-147.09,-32.29,165.47,-41.02
26/11/2024 12:47,0.92,0.17,-0.7,-21.55,-163.94,-46.39,166.2,-51.76
26/11/2024 12:47,0.93,0.1,-0.42,-22.58,-176.21,-50.29,167.35,-65.04
26/11/2024 12:47,0.86,0.06,-0.08,-22.83,-184.33,-48.65,142.54,-83.72
26/11/2024 12:47,0.71,-0.04,0.19,-29.91,-177.37,-48.65,-12.54,-74.61
26/11/2024 12:47,0.55,-0.07,0.49,-24.78,-166.5,-48.52,-8.05,-48.12
26/11/2024 12:47,0.26,-0.03,0.68,-17.46,-157.35,-47.3,-2.6,-21.2
26/11/2024 12:47,0.07,-0.12,0.79,-0.37,-155.09,-46.75,-8.55,-4.69
26/11/2024 12:47,-0.18,-0.15,0.87,-17.88,-144.35,-50.17,-9.84,11.81
26/11/2024 12:47,-0.45,-0.13,0.94,-13.06,-133.36,-37.9,-7.87,25.46
26/11/2024 12:47,-0.64,-0.12,0.92,-4.58,-118.9,-25.21,-7.6,34.61
26/11/2024 12:47,-0.84,-0.15,0.89,-11.54,-85.57,-17.33,-9.39,43.02
26/11/2024 12:47,-0.94,-0.1,0.87,-10.5,-42.6,-11.05,-6.72,46.85
26/11/2024 12:47,-0.87,-0.15,0.85,-12.33,5.25,2.26,-10.15,45.12
26/11/2024 12:47,-0.91,-0.11,0.81,-11.54,30.27,14.47,-7.76,47.83
26/11/2024 12:47,-1.05,-0.15,0.78,0.85,71.72,26.49,-10.98,52.88
26/11/2024 12:47,-0.9,-0.06,0.82,-11.96,150.57,62.26,-4.23,47.48
26/11/2024 12:47,-0.52,-0.09,0.69,5.13,208.98,91.37,-7.7,36.89
26/11/2024 12:47,-0.03,-0.04,0.58,-13.18,250.79,91,-3.94,3.07
26/11/2024 12:47,0.54,-0.02,0.27,-9.46,264.95,83.25,-3.8,-63.03
26/11/2024 12:47,0.86,0.04,-0.19,-20.57,255.55,71.41,169.35,-77.09
26/11/2024 12:47,0.93,0.16,-0.63,-26.43,223.94,59.69,166.15,-55.08
26/11/2024 12:47,0.78,0.29,-0.84,-8.79,178.04,50.78,161.1,-41.27
26/11/2024 12:47,0.61,0.34,-0.95,-16.66,113.04,20.75,160.39,-31.34
26/11/2024 12:47,0.55,0.26,-1,-7.2,64.82,5.37,165.25,-28.23
26/11/2024 12:47,0.44,0.32,-0.93,-1.71,42.36,0.24,161.02,-23.96
26/11/2024 12:47,0.37,0.22,-0.9,-10.56,27.59,-1.46,166.23,-21.68
26/11/2024 12:47,0.32,0.27,-0.94,-18.19,15.5,-0.85,163.94,-18.14
26/11/2024 12:47,0.28,0.23,-0.9,-12.15,2.38,-1.16,165.66,-16.62
26/11/2024 12:47,0.28,0.21,-0.91,-14.59,-2.32,-2.26,166.98,-16.5
26/11/2024 12:47,0.27,0.22,-0.85,-11.05,-3.42,0.12,165.17,-16.93
26/11/2024 12:47,0.23,0.21,-0.83,-7.08,-5.68,0.31,165.6,-15.28
26/11/2024 12:47,0.2,0.2,-0.82,-9.22,-3.42,1.28,166.18,-13
26/11/2024 12:47,0.15,0.2,-0.72,5.49,-12.63,0.37,164.18,-11.4
26/11/2024 12:47,0.18,0.23,-0.78,11.41,-19.9,2.26,163.53,-12.69
26/11/2024 12:47,0.29,0.25,-0.85,9.58,-11.9,4.58,163.5,-18.1
26/11/2024 12:47,0.37,0.33,-0.92,-4.21,-2.2,9.58,160.27,-20.61
26/11/2024 12:47,0.35,0.38,-0.93,-2.14,0.61,9.64,157.91,-19.4
26/11/2024 12:47,0.35,0.33,-0.94,-8.91,4.15,1.22,160.49,-19.35
26/11/2024 12:47,0.33,0.36,-0.93,-10.31,-0.31,-3.91,158.97,-18.41
26/11/2024 12:47,0.28,0.29,-0.88,-13.98,-0.06,-4.15,161.7,-16.75
26/11/2024 12:47,0.24,0.3,-0.85,-9.28,-2.5,-3.6,160.43,-15.04
26/11/2024 12:47,0.23,0.3,-0.84,-7.26,-5.98,-2.44,160.53,-14.44
26/11/2024 12:47,0.24,0.28,-0.86,-9.22,-4.7,-1.95,161.85,-15.03
26/11/2024 12:47,0.3,0.33,-0.91,-11.96,-7.57,-4.7,160.01,-17.16
26/11/2024 12:47,0.51,0.38,-1.18,-26,-44.8,-15.87,162.24,-22.28
26/11/2024 12:47,0.65,0.39,-1.26,-5.07,-122.99,-35.64,162.99,-26.09
26/11/2024 12:47,0.84,0.36,-1.09,-7.32,-165.47,-48.83,161.6,-36.18
26/11/2024 12:47,0.82,0.25,-0.94,-26.79,-187.13,-56.4,165.11,-40.13
26/11/2024 12:47,0.83,0.2,-0.63,-25.27,-222.29,-59.02,162.58,-51.53
26/11/2024 12:47,0.68,0.04,-0.25,-23.8,-230.35,-57.74,170.95,-69.23
26/11/2024 12:47,0.42,0.01,0.23,-20.39,-218.57,-58.29,2.98,-60.63
26/11/2024 12:47,0.25,-0.07,0.59,-16.72,-196.29,-55.66,-6.86,-22.72
26/11/2024 12:47,0,-0.1,0.73,-16.24,-176.51,-57.07,-7.48,-0.19
26/11/2024 12:47,-0.25,-0.16,0.81,-8,-163.64,-62.13,-11.42,16.93
26/11/2024 12:47,-0.62,-0.15,0.86,-13.37,-145.2,-55.91,-9.64,35.37
26/11/2024 12:47,-0.79,-0.1,0.9,-4.88,-114.81,-43.7,-6.66,41.14
26/11/2024 12:47,-0.89,-0.18,0.89,-7.14,-76.17,-24.11,-11.67,44.32
26/11/2024 12:47,-0.88,-0.15,0.79,-14.4,-35.34,-6.96,-10.68,47.74
26/11/2024 12:47,-1,-0.15,0.83,-18.86,-0.24,7.02,-10.22,49.82
26/11/2024 12:47,-0.93,-0.1,0.77,-11.35,26.55,12.76,-7.12,50.19
26/11/2024 12:47,-1.02,-0.04,0.72,-9.34,58.11,22.58,-3.44,54.58
26/11/2024 12:47,-1.11,-0.05,0.77,-3.05,140.14,54.2,-3.36,55.06
26/11/2024 12:47,-0.81,-0.06,0.53,0.49,251.16,88.26,-6.88,56.87
26/11/2024 12:47,-0.16,0.05,0.29,9.89,328.92,93.93,10.42,28.62
26/11/2024 12:47,0.61,0.06,-0.13,7.26,340.94,91,152.55,-77.08
26/11/2024 12:47,0.92,0.2,-0.76,-18.62,303.28,67.63,165.4,-49.67
26/11/2024 12:47,0.83,0.23,-1.05,17.52,233.7,63.78,167.75,-37.81
26/11/2024 12:47,0.58,0.24,-1.22,19.65,159.06,55.3,169.06,-24.9
26/11/2024 12:47,0.41,0.31,-1.21,-2.26,92.77,30.82,165.41,-17.98
26/11/2024 12:47,0.31,0.35,-1.07,-8.12,32.65,1.71,162.11,-15.3
26/11/2024 12:47,0.24,0.33,-0.96,-10.01,3.54,-9.89,160.88,-13.26
26/11/2024 12:47,0.23,0.25,-0.89,-15.14,-3.36,-7.32,164.54,-13.9
26/11/2024 12:47,0.22,0.22,-0.88,-12.76,-5.07,-0.73,165.69,-13.73
26/11/2024 12:47,0.21,0.22,-0.88,-5.55,-4.64,2.87,165.63,-13.01
26/11/2024 12:47,0.19,0.2,-0.86,-12.51,-3.17,1.77,166.91,-11.89
26/11/2024 12:47,0.13,0.21,-0.83,-14.59,-5.37,0.92,165.73,-8.52
26/11/2024 12:47,0.12,0.2,-0.74,-9.03,-12.7,-2.81,164.56,-8.67
26/11/2024 12:47,0.2,0.22,-0.83,-5.62,-18.01,-0.43,165.08,-13.06
26/11/2024 12:47,0.27,0.18,-0.88,0.92,-12.21,7.51,168.73,-16.46
26/11/2024 12:47,0.23,0.26,-0.86,-9.89,-3.66,9.7,163.29,-14.41
26/11/2024 12:47,0.31,0.29,-0.87,12.94,-2.44,2.81,161.34,-18.4
26/11/2024 12:47,0.33,0.33,-0.95,-0.67,2.93,1.77,161.01,-18.3
26/11/2024 12:47,0.31,0.33,-0.97,-14.71,2.2,-2.93,161.34,-17.02
26/11/2024 12:47,0.27,0.28,-0.93,-11.17,-6.9,-6.1,163.52,-15.46
26/11/2024 12:47,0.23,0.27,-0.89,-12.88,-9.77,-4.82,163.31,-14.25
26/11/2024 12:47,0.22,0.24,-0.86,-12.27,-8.54,-1.4,164.11,-13.85
26/11/2024 12:47,0.22,0.27,-0.84,-7.39,-8.18,-1.83,162.27,-14.12
26/11/2024 12:47,0.25,0.23,-0.9,-13.67,-5.92,-0.24,165.55,-14.94
26/11/2024 12:47,0.48,0.33,-1.16,-33.94,-50.42,-9.4,163.86,-21.79
26/11/2024 12:47,0.75,0.37,-1.44,10.13,-161.32,-33.14,165.75,-26.97
26/11/2024 12:47,0.84,0.24,-1.13,-2.38,-203.43,-48.89,167.89,-36
26/11/2024 12:47,0.78,0.19,-0.68,-9.28,-205.26,-53.1,164.53,-48.2
26/11/2024 12:47,0.81,0.11,-0.36,-27.16,-198.85,-50.11,163.15,-65.1
26/11/2024 12:47,0.72,0.08,-0.04,-15.2,-196.11,-52.12,118.61,-82.78
26/11/2024 12:47,0.61,-0.02,0.32,-10.19,-189.94,-51.82,-4.25,-62.57
26/11/2024 12:47,0.38,-0.07,0.59,-8.91,-182.01,-48.71,-6.41,-32.84
26/11/2024 12:47,0.04,-0.07,0.68,-13.79,-174.68,-51.51,-5.6,-3.14
26/11/2024 12:47,-0.26,-0.17,0.77,-1.71,-166.99,-57.43,-12.21,18.53
26/11/2024 12:47,-0.52,-0.2,0.88,-12.57,-146.61,-53.34,-12.73,29.95
26/11/2024 12:47,-0.72,-0.21,0.96,-7.02,-116.82,-38.57,-12.3,36.38
26/11/2024 12:47,-0.82,-0.15,0.86,-6.04,-89.97,-21.55,-10.06,43.21
26/11/2024 12:47,-0.95,-0.19,0.7,-1.04,-62.38,-19.35,-15.53,52.5
26/11/2024 12:47,-1.02,-0.11,0.76,-12.7,-16.42,-6.53,-8.5,52.94
26/11/2024 12:47,-0.93,-0.14,0.73,-8,20.75,11.66,-11.07,51.35
26/11/2024 12:47,-1.02,-0.16,0.73,-6.35,44.56,21.18,-12.08,53.87
26/11/2024 12:47,-1.07,-0.18,0.78,-14.89,96.62,42.79,-12.66,53.07
26/11/2024 12:47,-0.91,-0.13,0.72,-6.77,156.86,73.3,-10.25,51.5
26/11/2024 12:47,-0.6,-0.17,0.62,-15.32,220.34,97.72,-15.35,42.83
26/11/2024 12:47,0.07,0,0.44,-15.44,262.02,108.52,0.44,-8.51
26/11/2024 12:47,0.67,0.11,0.15,-18.68,269.84,97.6,36.41,-74.75
26/11/2024 12:47,1,0.25,-0.27,-19.84,255.25,77.03,137.39,-69.99
26/11/2024 12:47,0.95,0.35,-0.68,-18.43,215.76,64.09,152.64,-51.01
26/11/2024 12:47,0.81,0.31,-0.92,-19.17,158.75,50.48,161.59,-39.82
26/11/2024 12:47,0.61,0.33,-0.97,-30.09,110.29,35.52,161.06,-30.66
26/11/2024 12:47,0.46,0.32,-0.97,-35.34,77.76,11.17,161.93,-24.28
26/11/2024 12:47,0.37,0.28,-0.99,-26.73,45.17,3.42,164.11,-19.86
26/11/2024 12:47,0.29,0.28,-0.97,-6.1,15.81,5,163.73,-16.27
26/11/2024 12:47,0.27,0.28,-0.92,-9.09,2.44,2.56,162.81,-15.58
26/11/2024 12:47,0.26,0.28,-0.91,-8.36,-4.03,0.85,162.62,-15.28
26/11/2024 12:47,0.24,0.26,-0.87,-7.51,-6.65,0.37,163.4,-14.94
26/11/2024 12:47,0.23,0.24,-0.86,-9.58,-4.52,-0.43,164.26,-14.62
26/11/2024 12:47,0.21,0.24,-0.83,-10.44,-7.02,-1.53,163.65,-13.7
26/11/2024 12:47,0.17,0.23,-0.82,-6.96,-7.87,-0.92,164.42,-11.26
26/11/2024 12:47,0.13,0.24,-0.74,-0.06,-10.93,-3.48,162.28,-9.67
26/11/2024 12:47,0.21,0.23,-0.78,-6.16,-6.29,-4.58,163.63,-14.42
26/11/2024 12:47,0.24,0.24,-0.84,-15.26,-2.38,-0.55,163.99,-15.66
26/11/2024 12:47,0.31,0.24,-0.94,-17.7,-6.71,0.31,165.62,-17.68
26/11/2024 12:47,0.36,0.3,-0.98,-15.38,-2.08,0.73,163.1,-19.32
26/11/2024 12:47,0.31,0.24,-0.94,-24.05,5.31,-3.54,165.84,-17.98
26/11/2024 12:47,0.27,0.24,-0.9,-17.64,-2.01,-6.9,165.33,-16.03
26/11/2024 12:47,0.25,0.23,-0.9,-12.57,-11.9,-2.56,165.71,-15.25
26/11/2024 12:47,0.32,0.22,-0.97,-9.22,-17.58,-2.38,167.23,-18.03
26/11/2024 12:47,0.47,0.28,-1.18,-22.28,-67.99,-10.44,166.63,-21.14
26/11/2024 12:47,0.72,0.25,-1.31,5.37,-134.95,-25.02,169.17,-28.29
26/11/2024 12:47,0.79,0.26,-1.11,-6.65,-184.02,-38.7,167.02,-34.74
26/11/2024 12:47,0.89,0.15,-0.83,-8.54,-222.53,-48.34,169.52,-46.52
26/11/2024 12:47,0.84,0.12,-0.36,-7.32,-238.53,-50.6,161.66,-65.81
26/11/2024 12:47,0.71,0.05,0.04,-9.03,-224.73,-55.79,52.32,-85.01
26/11/2024 12:47,0.44,-0.01,0.4,-13.49,-204.96,-59.63,-0.98,-47.72
26/11/2024 12:47,0.16,-0.06,0.62,-17.52,-183.59,-62.01,-5.68,-14.34
26/11/2024 12:47,-0.11,-0.04,0.78,-9.64,-169.43,-60.91,-2.98,7.96
26/11/2024 12:47,-0.35,-0.11,0.78,3.11,-154.36,-60.73,-8.05,23.76
26/11/2024 12:47,-0.6,-0.21,0.81,-7.26,-134.52,-59.33,-14.41,35.45
26/11/2024 12:47,-0.84,-0.12,0.79,-8.42,-117.25,-43.15,-8.54,46.56
26/11/2024 12:47,-0.97,-0.17,0.76,-9.22,-85.33,-26.86,-12.78,51.48
26/11/2024 12:47,-1.11,-0.14,0.77,-10.19,-34.97,-9.34,-10.27,55
26/11/2024 12:47,-1.09,-0.13,0.71,-11.54,32.47,16.24,-10.79,56.62
26/11/2024 12:47,-1.15,-0.08,0.64,-18.49,92.83,44.13,-7.36,60.77
26/11/2024 12:47,-1.09,0.01,0.63,-4.52,163.02,64.82,1.34,60.08
26/11/2024 12:47,-0.75,0,0.5,-5.07,251.65,87.34,0.28,56.28
26/11/2024 12:47,0,-0.09,0.33,-0.06,312.32,107.18,-15.75,0.74
26/11/2024 12:47,0.74,0.07,0.03,10.56,301.88,108.76,67.26,-84.42
26/11/2024 12:47,0.96,0.19,-0.45,-16.72,277.59,78.61,156.83,-62.87
26/11/2024 12:47,0.88,0.29,-0.85,-24.05,239.69,30.82,161.35,-44.44
26/11/2024 12:47,0.61,0.29,-1.02,1.71,179.93,22.95,164.08,-29.89
26/11/2024 12:47,0.45,0.22,-1.08,11.72,117.55,24.6,168.59,-22.31
26/11/2024 12:48,0.3,0.25,-1.07,-20.26,65.37,15.75,166.72,-15.38
26/11/2024 12:48,0.25,0.21,-1.02,-16.3,19.41,3.42,168.37,-13.34
26/11/2024 12:48,0.19,0.17,-0.98,-7.02,0.85,1.95,170.39,-10.65
26/11/2024 12:48,0.16,0.16,-0.94,-13.06,0.37,0.18,170.54,-9.62
26/11/2024 12:48,0.14,0.16,-0.93,-8.3,-6.35,1.34,170.48,-8.67
26/11/2024 12:48,0.1,0.19,-0.85,-0.43,-12.02,1.77,167.66,-6.67
26/11/2024 12:48,0.06,0.19,-0.76,-2.87,-11.84,3.17,166.32,-4.02
26/11/2024 12:48,0.18,0.17,-0.8,15.99,-24.66,-4.46,168.06,-12.15
26/11/2024 12:48,0.23,0.23,-0.88,0.49,-12.45,2.87,165.47,-14.31
26/11/2024 12:48,0.23,0.23,-0.89,-2.2,-3.05,5.49,165.38,-14.05
26/11/2024 12:48,0.29,0.27,-0.93,-8.12,-2.5,-1.1,163.65,-16.63
26/11/2024 12:48,0.28,0.24,-0.96,-14.77,-6.04,-4.46,165.77,-15.64
26/11/2024 12:48,0.26,0.26,-0.93,-9.77,-5.68,2.26,164.64,-15.08
26/11/2024 12:48,0.24,0.24,-0.9,-5.92,-5.19,3.48,165.22,-14.31
26/11/2024 12:48,0.25,0.23,-0.94,-18.43,-8,-1.89,166.24,-14.44
26/11/2024 12:48,0.41,0.34,-1.31,-35.83,-77.51,-18.68,165.37,-16.79
26/11/2024 12:48,0.77,0.31,-1.44,12.76,-194.46,-45.72,167.98,-27.65
26/11/2024 12:48,0.95,0.16,-1.11,-11.78,-228.7,-57.68,171.9,-40.29
26/11/2024 12:48,0.87,0.14,-0.63,-8.85,-247.31,-58.96,167.24,-53.41
26/11/2024 12:48,0.67,0.05,-0.18,-13.37,-248.9,-59.81,165.6,-74.56
26/11/2024 12:48,0.51,-0.02,0.27,-15.38,-233.46,-61.95,-4.57,-62.35
26/11/2024 12:48,0.24,-0.05,0.54,-25.33,-202.51,-62.62,-4.93,-23.9
26/11/2024 12:48,-0.08,-0.05,0.73,-13.18,-179.63,-61.83,-3.6,6.63
26/11/2024 12:48,-0.33,-0.02,0.8,2.08,-164.12,-59.75,-1.6,22.22
26/11/2024 12:48,-0.64,-0.15,0.85,3.91,-145.75,-66.16,-9.92,36.47
26/11/2024 12:48,-0.84,-0.15,0.79,-2.44,-114.38,-62.87,-10.74,46.32
26/11/2024 12:48,-1,-0.19,0.8,-12.82,-64.94,-33.33,-13.65,50.5
26/11/2024 12:48,-1.04,-0.16,0.82,-16.05,-10.8,4.82,-10.92,51.44
26/11/2024 12:48,-1.14,-0.07,0.75,-14.04,49.68,42.79,-5.32,56.49
26/11/2024 12:48,-1.15,-0.02,0.72,-12.94,151.43,63.11,-1.55,57.93
26/11/2024 12:48,-0.83,0.06,0.66,8,250.43,81.48,5.49,51.49
26/11/2024 12:48,-0.24,-0.01,0.35,13.12,292.6,96.44,-1.97,33.6
26/11/2024 12:48,0.56,0,0.16,21.36,299.07,104.06,1.19,-73.63
26/11/2024 12:48,1,0.06,-0.36,-2.93,276.73,95.52,169.85,-69.7
26/11/2024 12:48,0.83,0.22,-0.74,-6.53,239.56,75.81,163.34,-46.93
26/11/2024 12:48,0.6,0.27,-1.01,-2.93,193.3,59.94,165.29,-30
26/11/2024 12:48,0.44,0.28,-1.12,12.57,130.49,46.02,165.88,-20.85
26/11/2024 12:48,0.33,0.38,-1.13,-18.37,64.39,29.42,161.21,-15.27
26/11/2024 12:48,0.26,0.35,-1.06,-5.92,13.06,3.91,161.51,-12.99
26/11/2024 12:48,0.22,0.33,-0.92,-10.62,-7.32,-5.8,160.57,-12.55
26/11/2024 12:48,0.18,0.28,-0.84,-14.1,-7.81,-3.05,161.46,-11.8
26/11/2024 12:48,0.15,0.23,-0.79,-14.16,-6.59,-5,163.46,-10.46
26/11/2024 12:48,0.1,0.25,-0.77,-8.36,-5.31,-5.62,162.22,-6.92
26/11/2024 12:48,0.14,0.19,-0.7,-7.2,-14.89,-4.03,164.94,-10.71
26/11/2024 12:48,0.26,0.27,-0.86,-4.27,-14.4,0.43,162.39,-16.12
26/11/2024 12:48,0.31,0.24,-0.94,-3.6,-5.86,-0.24,165.56,-17.58
26/11/2024 12:48,0.31,0.26,-0.92,-17.46,-5.55,0.37,164.44,-18.04
26/11/2024 12:48,0.35,0.24,-0.95,-6.77,-6.1,3.11,165.69,-19.61
26/11/2024 12:48,0.36,0.26,-0.93,-9.22,-4.33,2.5,164.26,-20.43
26/11/2024 12:48,0.27,0.28,-0.86,-10.44,-2.08,-2.08,162.22,-16.61
26/11/2024 12:48,0.26,0.27,-0.87,-14.95,-2.14,-6.96,163.04,-16.21
26/11/2024 12:48,0.25,0.25,-0.87,-10.86,-3.54,-3.97,163.89,-15.45
26/11/2024 12:48,0.32,0.29,-0.98,-8.73,-14.65,-4.15,163.48,-17.38
26/11/2024 12:48,0.53,0.31,-1.31,-8.73,-94.54,-27.83,166.61,-21.59
26/11/2024 12:48,0.8,0.35,-1.29,-0.67,-177.86,-41.69,164.71,-30.97
26/11/2024 12:48,0.85,0.23,-0.94,-3.91,-210.69,-54.93,165.96,-41.3
26/11/2024 12:48,0.84,0.15,-0.48,-8.79,-219.6,-65.06,162.06,-59.24
26/11/2024 12:48,0.84,0.1,-0.13,-18.13,-210.88,-64.82,144.07,-78.75
26/11/2024 12:48,0.64,-0.01,0.19,-17.64,-199.71,-61.04,-3.88,-73.57
26/11/2024 12:48,0.35,-0.1,0.46,-26.31,-189.27,-55.97,-12.06,-36.49
26/11/2024 12:48,0.12,-0.05,0.69,-17.27,-188.6,-55.18,-4.03,-9.54
26/11/2024 12:48,-0.2,-0.12,0.81,-4.39,-172.49,-59.39,-8.65,13.68
26/11/2024 12:48,-0.45,-0.15,0.87,-12.88,-141.97,-58.41,-9.53,27.19
26/11/2024 12:48,-0.71,-0.15,0.9,-7.57,-127.32,-44.19,-9.45,37.71
26/11/2024 12:48,-0.79,-0.17,0.73,1.22,-100.28,-34.42,-12.94,46.65
26/11/2024 12:48,-0.97,-0.2,0.82,-5.98,-63.54,-20.45,-13.73,48.96
26/11/2024 12:48,-1.02,-0.19,0.75,-10.19,-10.01,0.12,-14.1,52.78
26/11/2024 12:48,-1.15,-0.17,0.7,-21.36,48.83,23.44,-13.64,57.83
26/11/2024 12:48,-1.13,-0.08,0.69,-5.49,123.17,54.38,-6.33,58.41
26/11/2024 12:48,-1.04,0.01,0.61,0.61,213.87,85.75,1.09,59.36
26/11/2024 12:48,-0.41,-0.09,0.33,-13.55,293.21,109.68,-15.31,49.6
26/11/2024 12:48,0.34,0.09,0.22,-2.75,315.19,112.43,22.34,-54.61
26/11/2024 12:48,1.08,0.02,-0.34,-30.27,304.93,105.22,177.3,-72.42
26/11/2024 12:48,1.01,0.08,-0.78,-39.86,260.68,77.82,174.11,-52.22
26/11/2024 12:48,0.67,0.28,-1.03,5.92,191.47,60.06,164.87,-31.92
26/11/2024 12:48,0.48,0.32,-1.04,-14.04,138.85,40.95,162.72,-23.69
26/11/2024 12:48,0.35,0.37,-1.07,2.81,81.91,28.63,160.83,-16.95
26/11/2024 12:48,0.23,0.44,-0.98,-13.61,27.59,15.01,156.06,-12.07
26/11/2024 12:48,0.21,0.38,-0.97,-2.26,-5.68,-2.08,158.45,-11.22
26/11/2024 12:48,0.18,0.35,-0.9,-13.24,-6.29,-1.83,159.02,-10.44
26/11/2024 12:48,0.14,0.33,-0.81,-5.74,-10.93,-1.4,157.83,-9.36
26/11/2024 12:48,0.11,0.32,-0.77,-3.23,-14.89,-2.2,157.18,-7.58
26/11/2024 12:48,0.13,0.31,-0.78,-11.05,-10.86,-4.82,158.17,-9.1
26/11/2024 12:48,0.14,0.28,-0.78,-8.24,-14.22,-11.72,159.9,-9.47
26/11/2024 12:48,0.23,0.26,-0.81,-17.58,-15.14,-15.01,162.46,-14.94
26/11/2024 12:48,0.34,0.28,-0.9,-22.95,-0.18,-8.06,162.73,-19.62
26/11/2024 12:48,0.32,0.32,-0.94,-13.37,8.85,0.06,161.4,-17.99
26/11/2024 12:48,0.29,0.29,-0.95,-8.79,4.27,2.14,163.1,-16.49
26/11/2024 12:48,0.26,0.28,-0.94,-9.34,-4.82,0.31,163.52,-14.96
26/11/2024 12:48,0.3,0.28,-0.96,-11.78,-15.26,-2.44,163.75,-16.72
26/11/2024 12:48,0.4,0.36,-1.1,-10.38,-65.49,-11.54,162.02,-19.23
26/11/2024 12:48,0.66,0.36,-1.25,-8,-122.13,-26.73,164.1,-27.08
26/11/2024 12:48,0.75,0.3,-1.11,-8.18,-163.57,-47,164.77,-32.96
26/11/2024 12:48,0.87,0.23,-0.84,-12.57,-194.09,-56.09,164.67,-45.12
26/11/2024 12:48,0.89,0.18,-0.47,-12.08,-213.62,-56.88,159.54,-60.54
26/11/2024 12:48,0.85,0.08,-0.13,-11.96,-217.65,-55.42,146.51,-79.7
26/11/2024 12:48,0.64,-0.06,0.26,-3.11,-215.15,-54.75,-13.65,-67.45
26/11/2024 12:48,0.4,-0.06,0.47,-6.53,-198.06,-59.94,-7.8,-39.99
26/11/2024 12:48,0.02,-0.08,0.64,-5.62,-189.94,-67.26,-7.37,-2.12
26/11/2024 12:48,-0.24,-0.17,0.68,-2.08,-181.7,-66.65,-13.64,18.62
26/11/2024 12:48,-0.62,-0.19,0.7,-10.62,-173.58,-55.79,-15.34,40.74
26/11/2024 12:48,-1,-0.18,0.68,-0.55,-153.87,-51.03,-15.01,54.91
26/11/2024 12:48,-1.17,-0.11,0.72,-9.22,-100.04,-41.2,-8.41,58.29
26/11/2024 12:48,-1.26,-0.16,0.66,-6.77,-19.53,-22.58,-13.56,61.76
26/11/2024 12:48,-1.26,-0.13,0.67,-2.32,70.37,20.94,-10.82,61.45
26/11/2024 12:48,-1.16,-0.05,0.62,-11.05,147.71,61.22,-4.39,61.95
26/11/2024 12:48,-0.92,0,0.57,7.63,205.38,83.92,0.34,58.31
26/11/2024 12:48,-0.42,-0.06,0.53,2.14,253.54,93.63,-6.48,38.14
26/11/2024 12:48,0.33,-0.06,0.43,5.13,267.64,91.67,-8.3,-37.66
26/11/2024 12:48,0.85,-0.01,0.07,-4.7,243.41,82.76,-4.86,-84.98
26/11/2024 12:48,1.05,0.01,-0.21,10.01,204.71,65.19,177.14,-78.95
26/11/2024 12:48,1.04,0.09,-0.52,7.2,175.42,53.1,169.69,-63.09
26/11/2024 12:48,0.86,0.2,-0.73,-5,144.1,47.67,164.84,-48.76
26/11/2024 12:48,0.67,0.21,-0.8,16.05,113.46,42.72,165.05,-38.8
26/11/2024 12:48,0.52,0.2,-0.87,-6.16,89.54,33.39,166.94,-30.39
26/11/2024 12:48,0.43,0.28,-0.94,-4.94,67.99,21.06,163.59,-23.76
26/11/2024 12:48,0.3,0.31,-0.94,-18.8,47.67,14.04,161.62,-16.65
26/11/2024 12:48,0.26,0.34,-0.97,-4.88,7.57,1.89,160.37,-14.46
26/11/2024 12:48,0.24,0.29,-0.91,-2.62,-13.18,-1.95,162.46,-14.06
26/11/2024 12:48,0.2,0.26,-0.83,-9.52,-8.67,-0.61,162.42,-12.61
26/11/2024 12:48,0.13,0.25,-0.7,-17.33,-11.78,0.98,159.97,-10.25
26/11/2024 12:48,0.19,0.2,-0.75,-2.62,-14.4,-3.17,165.16,-13.86
26/11/2024 12:48,0.2,0.24,-0.84,-9.77,-8.61,-2.38,163.88,-12.81
26/11/2024 12:48,0.21,0.22,-0.81,-0.24,-15.08,-4.27,164.42,-13.81
26/11/2024 12:48,0.28,0.25,-0.92,7.39,-5.98,-1.89,164.65,-16.29
26/11/2024 12:48,0.29,0.3,-0.85,-8.12,1.28,-2.44,160.77,-18.03
26/11/2024 12:48,0.31,0.31,-0.89,-21.42,-1.77,-2.38,160.46,-18.46
26/11/2024 12:48,0.36,0.3,-0.9,-10.19,-3.91,2.38,161.42,-20.5
26/11/2024 12:48,0.32,0.28,-0.88,-9.77,-0.06,3.05,162.42,-19.35
26/11/2024 12:48,0.31,0.28,-0.91,-15.01,0.31,-1.77,162.71,-17.88
26/11/2024 12:48,0.35,0.26,-0.97,-22.46,-13.18,-4.33,165.02,-19.32
26/11/2024 12:48,0.51,0.33,-1.18,-12.33,-67.02,-11.54,164.45,-22.53
26/11/2024 12:48,0.73,0.32,-1.24,0.31,-136.78,-28.08,165.43,-29.75
26/11/2024 12:48,0.89,0.28,-1.09,-10.68,-176.64,-49.07,165.71,-38.13
26/11/2024 12:48,0.86,0.23,-0.81,-21.42,-202.64,-60.97,164.08,-45.51
26/11/2024 12:48,0.79,0.17,-0.42,-22.64,-214.6,-61.16,157.71,-60.21
26/11/2024 12:48,0.7,0.06,-0.07,-16.6,-218.02,-58.41,142.71,-82.49
26/11/2024 12:48,0.46,-0.01,0.39,-18.74,-211.98,-59.75,-2.16,-49.81
26/11/2024 12:48,0.31,-0.05,0.55,-21.42,-203.31,-64.45,-5.49,-29.74
26/11/2024 12:48,-0.09,-0.01,0.67,-0.43,-185.73,-66.1,-0.67,7.86
26/11/2024 12:48,-0.44,-0.07,0.71,-13.55,-193.05,-75.38,-5.88,31.52
26/11/2024 12:48,-0.87,-0.15,0.75,-20.14,-171.69,-60.91,-11.1,48.79
26/11/2024 12:48,-0.99,-0.15,0.7,-19.41,-119.57,-27.47,-12.23,54.04
26/11/2024 12:48,-1.23,-0.12,0.72,-15.5,-54.02,1.53,-9.49,59.27
26/11/2024 12:48,-1.1,-0.18,0.71,-19.35,26.06,18.01,-13.83,56.34
26/11/2024 12:48,-1.19,-0.06,0.68,-18.55,99.37,36.68,-5.38,60.05
26/11/2024 12:48,-0.96,-0.09,0.67,-11.17,153.63,58.78,-7.24,54.76
26/11/2024 12:48,-0.75,-0.14,0.64,15.2,202.7,79.22,-12.5,48.84
26/11/2024 12:48,-0.1,-0.12,0.6,-19.47,255.07,77.94,-10.92,9.67
26/11/2024 12:48,0.5,-0.1,0.35,-2.5,261.41,81.73,-16.42,-53.54
26/11/2024 12:48,0.88,-0.02,0.09,-10.74,243.96,77.21,-13.76,-83.76
26/11/2024 12:48,0.98,0.15,-0.34,-16.6,225.1,64.76,156.77,-68.96
26/11/2024 12:48,0.84,0.18,-0.65,-17.21,194.46,45.23,164.36,-51.1
26/11/2024 12:48,0.69,0.21,-0.92,-26.73,156.8,37.72,167.35,-36.28
26/11/2024 12:48,0.51,0.36,-1.04,-0.31,109.8,31.62,161.2,-24.85
26/11/2024 12:48,0.4,0.34,-0.99,-23.13,60.12,22.71,160.95,-20.97
26/11/2024 12:48,0.34,0.29,-1.03,-10.5,15.01,6.53,164.36,-17.67
26/11/2024 12:48,0.28,0.26,-0.95,-10.74,5.92,2.14,164.54,-15.69
26/11/2024 12:48,0.24,0.25,-0.89,-10.38,-5.07,-1.89,164.06,-14.45
26/11/2024 12:48,0.23,0.24,-0.84,-9.28,-10.99,-1.59,164.11,-14.5
26/11/2024 12:48,0.19,0.26,-0.77,-11.6,-13.73,-0.43,161.49,-13.03
26/11/2024 12:48,0.15,0.18,-0.73,-11.05,-17.46,-0.43,165.94,-11.05
26/11/2024 12:48,0.22,0.24,-0.73,-8.67,-14.71,0.67,161.43,-15.93
26/11/2024 12:48,0.29,0.3,-0.81,-6.84,-7.57,2.75,159.75,-18.72
26/11/2024 12:48,0.34,0.29,-0.9,-17.46,0.49,-1.89,162,-19.56
26/11/2024 12:48,0.35,0.3,-0.91,-11.35,0.31,-6.53,161.83,-20.28
26/11/2024 12:48,0.36,0.28,-0.94,-11.41,-2.5,-3.3,163.57,-20.12
26/11/2024 12:48,0.35,0.27,-0.9,-11.17,-0.49,1.89,163.36,-20.69
26/11/2024 12:48,0.34,0.26,-0.91,-9.64,-2.5,1.95,163.81,-19.59
26/11/2024 12:48,0.36,0.31,-1.01,-21.61,-21.06,-3.78,163.2,-18.94
26/11/2024 12:48,0.58,0.38,-1.24,-8.3,-96.44,-22.83,162.81,-24.2
26/11/2024 12:48,0.82,0.27,-1.2,-8.91,-160.58,-41.32,167.39,-33.56
26/11/2024 12:48,0.9,0.2,-0.92,-19.59,-191.53,-55.79,167.59,-43.63
26/11/2024 12:48,0.92,0.13,-0.61,-23.13,-218.75,-59.45,168.26,-56
26/11/2024 12:48,0.81,0.07,-0.15,-19.47,-232.79,-56.15,156.45,-78.43
26/11/2024 12:48,0.71,0,0.15,-15.93,-221.44,-56.95,1.1,-77.85
26/11/2024 12:48,0.42,-0.03,0.43,-8.67,-215.03,-63.05,-4.03,-44.57
26/11/2024 12:48,0.01,-0.05,0.6,-13.55,-202.58,-71.78,-4.99,-0.69
26/11/2024 12:48,-0.39,-0.17,0.66,-15.87,-191.83,-73.3,-14.18,29.71
26/11/2024 12:48,-0.61,-0.1,0.71,-20.02,-175.9,-57.8,-8.27,40.49
26/11/2024 12:48,-1.05,-0.08,0.74,-3.23,-137.39,-31.13,-6.37,54.75
26/11/2024 12:48,-1.14,-0.11,0.68,-14.1,-75.81,-17.76,-9.38,58.74
26/11/2024 12:48,-1.2,-0.11,0.7,-10.99,-5.55,-1.83,-9.12,59.37
26/11/2024 12:48,-1.18,-0.13,0.68,-5.43,69.27,25.21,-10.89,59.62
26/11/2024 12:48,-0.97,-0.06,0.63,-10.25,142.88,55.36,-5.72,56.6
26/11/2024 12:48,-0.79,0,0.63,-0.49,181.21,68.91,0,51.47
26/11/2024 12:48,-0.39,-0.1,0.56,5.07,219.6,77.21,-9.8,34.18
26/11/2024 12:48,0.3,-0.1,0.56,10.99,233.46,84.11,-10.41,-28.18
26/11/2024 12:48,0.72,-0.08,0.31,1.65,230.53,76.48,-13.67,-66.06
26/11/2024 12:48,1.11,-0.08,-0.08,-10.31,218.02,63.48,-134.27,-84.41
26/11/2024 12:48,1.07,0.07,-0.37,-15.01,206.54,50.35,169.47,-70.52
26/11/2024 12:48,0.86,0.13,-0.7,5.31,184.27,47.24,169.81,-50.21
26/11/2024 12:48,0.61,0.19,-0.91,2.01,151.18,53.89,168.33,-33.13
26/11/2024 12:48,0.42,0.25,-1,1.1,102.84,47.42,165.78,-22.37
26/11/2024 12:48,0.3,0.26,-1.03,-20.26,56.46,19.53,165.79,-15.59
26/11/2024 12:48,0.27,0.3,-0.99,-16.54,10.44,-3.6,163.43,-14.46
26/11/2024 12:48,0.25,0.26,-0.96,-9.52,-9.77,-5.55,164.58,-14.02
26/11/2024 12:48,0.21,0.24,-0.85,-6.47,-12.02,-0.67,163.98,-13.35
26/11/2024 12:48,0.18,0.21,-0.77,-2.01,-10.93,0,164.98,-12.88
26/11/2024 12:48,0.15,0.21,-0.72,-15.01,-9.03,-1.95,164.12,-11.28
26/11/2024 12:48,0.16,0.24,-0.72,-12.02,-13.12,-5.13,161.85,-12.03
26/11/2024 12:48,0.25,0.23,-0.81,1.65,-11.47,-1.1,164.14,-16.36
26/11/2024 12:48,0.33,0.35,-0.86,-2.93,-0.06,5.98,157.95,-19.73
26/11/2024 12:48,0.37,0.26,-0.98,-13.61,8.3,3.78,165.16,-19.92
26/11/2024 12:48,0.37,0.29,-1.02,-20.87,8,-4.21,163.86,-19.09
26/11/2024 12:48,0.3,0.29,-0.94,-16.17,-0.18,-6.29,162.84,-17.12
26/11/2024 12:48,0.29,0.27,-0.98,-17.52,-16.05,-4.03,164.34,-16.07
26/11/2024 12:48,0.5,0.32,-1.27,-1.28,-81.05,-18.74,165.86,-21.05
26/11/2024 12:48,0.76,0.37,-1.34,-0.24,-168.33,-43.27,164.49,-28.63
26/11/2024 12:48,0.93,0.22,-1.13,-2.01,-226.44,-61.58,169.07,-38.92
26/11/2024 12:48,0.97,0.16,-0.65,-6.47,-250.12,-69.34,165.95,-55.31
26/11/2024 12:48,0.84,0.03,-0.27,-21.61,-247.5,-68.79,173.57,-72.22
26/11/2024 12:48,0.43,0.04,0.16,-15.63,-236.33,-65.98,13.02,-69.64
26/11/2024 12:48,0.22,-0.07,0.46,-22.52,-217.47,-67.2,-8.46,-25.31
26/11/2024 12:48,-0.16,-0.03,0.54,-16.36,-199.65,-67.5,-3.54,16.24
26/11/2024 12:48,-0.5,-0.08,0.61,1.4,-192.44,-68.05,-7.57,38.86
26/11/2024 12:48,-0.85,-0.16,0.73,-16.6,-166.81,-67.08,-12.66,48.72
26/11/2024 12:48,-1.11,-0.14,0.74,-18.13,-124.02,-48.03,-10.87,55.7
26/11/2024 12:48,-1.29,-0.09,0.77,-8.85,-42.18,-12.7,-6.42,59.13
26/11/2024 12:48,-1.14,-0.15,0.71,-8.48,49.44,26.12,-11.68,57.46
26/11/2024 12:48,-1.19,-0.06,0.63,-9.22,126.16,60.12,-5.44,62.01
26/11/2024 12:48,-0.9,-0.09,0.59,-3.11,194.58,78.31,-8.63,56.78
26/11/2024 12:48,-0.39,-0.09,0.53,4.21,246.89,84.05,-9.21,36.05
26/11/2024 12:48,0.32,-0.08,0.45,-14.22,270.87,80.69,-10.42,-35.09
26/11/2024 12:48,0.75,-0.06,0.18,-8.06,239.38,80.51,-17.5,-75.83
26/11/2024 12:48,1.07,-0.04,-0.1,-12.82,216.43,71.47,-160.04,-84.43
26/11/2024 12:48,0.95,0.07,-0.49,-22.16,209.05,62.74,171.36,-62.37
26/11/2024 12:48,0.68,0.18,-0.73,-24.54,188.35,55.73,166.27,-42.35
26/11/2024 12:48,0.45,0.19,-0.85,42.05,136.23,43.21,167.71,-27.55
26/11/2024 12:48,0.39,0.29,-1,-7.63,89.84,27.77,163.7,-20.41
26/11/2024 12:48,0.3,0.28,-1.04,-22.4,40.47,13.43,164.91,-15.32
26/11/2024 12:48,0.26,0.29,-1.01,-12.88,0.67,0.55,163.79,-14.09
26/11/2024 12:48,0.22,0.31,-0.92,-13.12,-1.95,-5.8,161.56,-12.53
26/11/2024 12:48,0.18,0.22,-0.82,-11.23,-9.89,-9.52,165.05,-12.02
26/11/2024 12:48,0.13,0.2,-0.73,-24.05,-11.47,-3.48,165.03,-9.63
26/11/2024 12:48,0.11,0.26,-0.64,-19.23,-19.35,-0.49,157.7,-8.73
26/11/2024 12:48,0.27,0.26,-0.79,-0.61,-13.12,3.91,161.67,-17.64
26/11/2024 12:48,0.3,0.27,-0.93,-0.55,0.49,1.59,163.7,-16.97
26/11/2024 12:48,0.32,0.27,-1,-9.64,0.67,-3.11,164.87,-17.06
26/11/2024 12:48,0.34,0.27,-0.96,-7.69,-10.38,-1.65,164.21,-18.89
26/11/2024 12:48,0.39,0.26,-0.95,1.4,-6.29,0.61,164.8,-21.8
26/11/2024 12:48,0.32,0.24,-0.92,-14.04,-2.62,-3.78,165.42,-18.51
26/11/2024 12:48,0.42,0.29,-1.08,-18.68,-36.56,-11.66,165.01,-20.46
26/11/2024 12:48,0.68,0.38,-1.38,-1.65,-129.64,-34.12,164.48,-25.57
26/11/2024 12:48,1,0.32,-1.31,4.94,-218.57,-63.66,166.12,-36.67
26/11/2024 12:48,0.9,0.23,-0.89,-14.1,-256.1,-82.7,165.75,-44.39
26/11/2024 12:48,0.86,0.06,-0.38,-28.63,-262.7,-79.96,170.48,-66.04
26/11/2024 12:48,0.43,0.06,0.1,-23.99,-240.23,-67.57,32.01,-74.96
26/11/2024 12:48,0.19,-0.02,0.37,-21.67,-222.53,-66.1,-3.81,-27.66
26/11/2024 12:48,-0.11,-0.07,0.63,-14.65,-203.31,-66.53,-5.98,9.86
26/11/2024 12:48,-0.38,-0.03,0.72,8.12,-177.86,-65.37,-2.17,27.68
26/11/2024 12:48,-0.69,-0.17,0.79,7.08,-164.31,-53.47,-12.44,40.42
26/11/2024 12:48,-1.02,-0.23,0.74,-5.31,-122.62,-37.29,-17.33,52.53
26/11/2024 12:48,-1.09,-0.16,0.75,-11.47,-60.67,-15.5,-11.92,54.88
26/11/2024 12:48,-1.33,-0.23,0.78,-4.76,17.64,14.16,-16.63,58.47
26/11/2024 12:48,-1.38,-0.16,0.56,-15.69,150.21,61.89,-16.23,67.24
26/11/2024 12:48,-0.96,-0.02,0.6,-24.9,268.07,99.12,-1.92,58.14
26/11/2024 12:48,-0.16,-0.02,0.41,-17.33,289.73,113.16,-2.77,21.4
26/11/2024 12:48,0.43,0.06,0.15,-24.17,286.38,99.37,21.51,-69.66
26/11/2024 12:48,0.87,0.18,-0.18,-13.67,266.48,80.08,134.53,-73.87
26/11/2024 12:48,0.94,0.32,-0.62,-8.85,241.33,59.45,152.53,-53.3
26/11/2024 12:48,0.72,0.22,-0.91,20.2,199.34,51.88,166.43,-37.8
26/11/2024 12:48,0.51,0.34,-1.04,8.67,144.23,38.39,161.68,-24.99
26/11/2024 12:48,0.34,0.3,-1.04,-24.05,97.35,22.16,163.85,-17.5
26/11/2024 12:48,0.26,0.29,-1.04,-20.69,53.77,5.8,164.47,-13.63
26/11/2024 12:48,0.21,0.28,-1.02,-15.14,13,-2.93,164.82,-11.01
26/11/2024 12:48,0.18,0.24,-0.99,-0.06,-8.73,-1.89,166.25,-9.79
26/11/2024 12:48,0.14,0.22,-0.91,-8.24,-10.13,-0.12,166.28,-8.66
26/11/2024 12:48,0.11,0.2,-0.84,-8.97,-18.62,-3.11,166.81,-7.23
26/11/2024 12:48,0.08,0.22,-0.7,-11.54,-28.38,-4.88,162.34,-6.01
26/11/2024 12:48,0.17,0.23,-0.73,1.83,-31.07,-1.46,162.46,-12.32
26/11/2024 12:48,0.24,0.31,-0.8,12.57,-29.48,3.42,158.97,-15.33
26/11/2024 12:48,0.33,0.28,-0.83,9.77,-17.46,2.32,161.52,-20.85
26/11/2024 12:48,0.35,0.36,-0.86,-13.43,3.91,4.88,157.1,-20.63
26/11/2024 12:48,0.41,0.31,-0.92,-12.57,11.41,3.72,161.26,-22.88
26/11/2024 12:48,0.37,0.31,-0.94,-10.01,5.49,1.59,161.7,-20.52
26/11/2024 12:48,0.33,0.3,-0.93,-9.64,-5.25,-1.65,162.29,-18.66
26/11/2024 12:48,0.4,0.3,-1.01,-18.68,-21.42,-4.76,163.5,-20.91
26/11/2024 12:48,0.62,0.4,-1.25,-18.19,-87.4,-17.15,162.38,-25.23
26/11/2024 12:48,0.85,0.36,-1.26,-0.12,-164.73,-38.64,164.24,-33.08
26/11/2024 12:48,0.94,0.27,-1.03,-13.67,-202.76,-54.44,165.07,-41.34
26/11/2024 12:48,0.92,0.24,-0.65,-4.46,-220.21,-61.52,159.97,-53.21
26/11/2024 12:48,0.71,0.1,-0.28,-12.02,-219.91,-62.56,160.42,-67.35
26/11/2024 12:48,0.5,0.03,0.13,-16.24,-214.05,-62.01,11.89,-75.06
26/11/2024 12:48,0.44,-0.03,0.38,-41.69,-212.04,-56.09,-3.9,-48.97
26/11/2024 12:48,0,-0.03,0.75,2.62,-208.98,-46.33,-2.25,-0.19
26/11/2024 12:48,-0.26,-0.13,0.83,-7.81,-183.72,-58.65,-9.13,17.31
26/11/2024 12:48,-0.56,-0.13,0.76,-5,-152.16,-60.67,-9.53,36.25
26/11/2024 12:48,-0.82,-0.15,0.75,-2.32,-118.59,-47.18,-11.22,46.86
26/11/2024 12:48,-1.01,-0.17,0.7,2.93,-92.47,-22.22,-13.76,54.31
26/11/2024 12:48,-1.12,-0.21,0.76,-2.26,-38.21,-1.89,-15.57,54.79
26/11/2024 12:48,-1.16,-0.22,0.79,-8.85,40.65,24.23,-15.74,54.75
26/11/2024 12:48,-1.16,-0.21,0.71,-7.14,122.01,52.25,-16.2,57.4
26/11/2024 12:48,-0.89,-0.16,0.63,-18.86,195.43,74.65,-14,53.99
26/11/2024 12:48,-0.44,-0.03,0.64,-7.63,235.47,101.87,-2.61,34.56
26/11/2024 12:48,0.14,0,0.44,-11.47,266.72,108.34,-0.51,-17.19
26/11/2024 12:48,0.65,0.06,0.1,-20.39,279.05,93.26,30.09,-80.4
26/11/2024 12:48,0.88,0.21,-0.35,-6.96,275.57,83.13,148.71,-65.01
26/11/2024 12:48,0.77,0.24,-0.83,-19.29,244.63,76.35,164.16,-41.6
26/11/2024 12:48,0.53,0.48,-1.18,-13.73,179.93,54.38,157.66,-22.67
26/11/2024 12:48,0.41,0.39,-1.14,-31.19,104.37,25.57,161.14,-18.86
26/11/2024 12:48,0.29,0.28,-1.08,-21.55,41.02,10.38,165.44,-14.61
26/11/2024 12:48,0.23,0.3,-0.99,-3.36,4.39,2.14,163.16,-12.76
26/11/2024 12:48,0.2,0.29,-0.92,-8.24,0.79,-0.12,162.72,-11.43
26/11/2024 12:48,0.14,0.24,-0.85,-17.52,-6.84,-6.47,163.95,-9.18
26/11/2024 12:48,0.12,0.21,-0.81,-22.22,-24.96,-15.32,165.52,-7.96
26/11/2024 12:48,0.15,0.12,-0.79,-23.01,-30.76,-8.24,171.33,-10.67
26/11/2024 12:48,0.26,0.17,-0.83,1.59,-25.21,-2.01,168.58,-17.3
26/11/2024 12:48,0.33,0.15,-0.87,-12.57,-4.33,-0.43,169.96,-20.29
26/11/2024 12:48,0.34,0.19,-0.88,-14.4,7.2,-2.56,167.99,-20.69
26/11/2024 12:48,0.37,0.23,-0.96,-6.59,6.65,2.26,166.75,-20.79
26/11/2024 12:48,0.37,0.2,-0.98,2.08,-0.92,7.45,168.21,-20.54
26/11/2024 12:48,0.32,0.18,-0.93,-5.86,-3.85,3.23,168.83,-18.69
26/11/2024 12:48,0.37,0.23,-0.99,-20.32,-15.26,-2.87,166.76,-19.97
26/11/2024 12:48,0.57,0.32,-1.28,11.84,-92.71,-20.39,165.75,-23.26
26/11/2024 12:48,0.84,0.31,-1.27,1.95,-174.01,-39.49,166.26,-32.69
26/11/2024 12:48,0.93,0.19,-0.98,-7.81,-212.52,-51.94,169.3,-42.9
26/11/2024 12:48,0.9,0.17,-0.62,3.97,-224.37,-64.27,164.83,-54.81
26/11/2024 12:48,0.82,0.12,-0.19,-8.67,-222.9,-71.47,147.28,-74.76
26/11/2024 12:48,0.61,-0.03,0.19,-8.54,-209.9,-70.74,-9.72,-72.18
26/11/2024 12:48,0.37,-0.06,0.46,-15.38,-190.55,-66.53,-6.91,-39.07
26/11/2024 12:48,0.02,-0.1,0.63,-18.8,-174.93,-59.08,-9.13,-1.57
26/11/2024 12:48,-0.21,-0.13,0.76,-16.85,-159.67,-54.81,-9.64,15.1
26/11/2024 12:48,-0.49,-0.15,0.93,7.26,-146.3,-46.81,-9.35,27.45
26/11/2024 12:48,-0.74,-0.27,0.89,-3.54,-114.99,-48.89,-17.15,38.59
26/11/2024 12:48,-0.85,-0.18,0.84,-21.42,-82.7,-38.64,-12.36,44.91
26/11/2024 12:48,-0.94,-0.11,0.8,-10.13,-59.69,-23.32,-7.78,49.18
26/11/2024 12:48,-1.08,-0.16,0.79,-4.82,-7.75,-2.01,-11.63,53.19
26/11/2024 12:48,-1.15,-0.14,0.79,-9.77,69.76,32.04,-10.14,55.14
26/11/2024 12:48,-1.04,-0.09,0.69,-3.36,146.85,66.65,-7.02,56.05
26/11/2024 12:48,-0.69,-0.07,0.65,-1.1,209.9,88.87,-6.4,46.41
26/11/2024 12:48,-0.13,-0.02,0.54,-13.67,257.45,101.26,-2.13,13.1
26/11/2024 12:48,0.49,0.11,0.32,-3.3,276.37,101.32,18.67,-55.37
26/11/2024 12:48,0.83,-0.02,-0.13,-7.51,271.67,92.77,-170.85,-80.94
26/11/2024 12:48,0.78,0.12,-0.55,-15.44,254.46,75.93,167.98,-54.05
26/11/2024 12:48,0.61,0.27,-0.9,-14.47,218.99,63.48,163.51,-33.02
26/11/2024 12:48,0.48,0.39,-1.16,-6.29,142.64,48.28,161.41,-21.5
26/11/2024 12:48,0.4,0.39,-1.15,-9.95,70.19,22.89,161.38,-18.23
26/11/2024 12:48,0.31,0.34,-1.09,-17.21,25.09,6.1,162.55,-15.18
26/11/2024 12:48,0.22,0.3,-0.95,-6.16,-8.3,-2.44,162.78,-12.45
26/11/2024 12:48,0.17,0.22,-0.82,-8.48,-21.73,-6.47,164.84,-11.29
26/11/2024 12:48,0.18,0.23,-0.74,-14.4,-17.7,-4.82,163.13,-13.39
26/11/2024 12:48,0.14,0.26,-0.68,-12.94,-20.26,-0.98,158.81,-10.95
26/11/2024 12:48,0.29,0.2,-0.83,-4.58,-12.82,-1.34,166.61,-18.79
26/11/2024 12:48,0.36,0.26,-0.9,-5.43,2.44,1.77,163.79,-21.07
26/11/2024 12:48,0.37,0.28,-0.96,-22.03,11.05,2.01,163.64,-20.2
26/11/2024 12:48,0.39,0.31,-0.96,-14.04,7.75,-1.16,162.02,-21.24
26/11/2024 12:48,0.36,0.27,-0.97,-15.38,-5.86,-1.16,164.6,-19.43
26/11/2024 12:48,0.41,0.26,-1.06,-16.48,-33.57,-6.29,166.16,-20.56
26/11/2024 12:48,0.59,0.29,-1.24,-5.86,-95.52,-21.97,166.75,-24.9
26/11/2024 12:48,0.78,0.28,-1.18,4.39,-158.75,-41.44,166.5,-32.64
26/11/2024 12:48,0.88,0.28,-0.91,-6.04,-202.15,-60.24,162.71,-42.65
26/11/2024 12:48,0.96,0.17,-0.58,-9.03,-225.34,-72.94,163.85,-57.75
26/11/2024 12:48,0.88,0.11,-0.12,-24.05,-226.26,-69.34,135.74,-79.66
26/11/2024 12:48,0.62,0,0.14,-22.58,-220.34,-62.13,1.64,-77.53
26/11/2024 12:48,0.4,-0.08,0.45,-17.03,-214.23,-57.8,-10.59,-41.38
26/11/2024 12:48,-0.01,-0.01,0.68,-18.19,-201.78,-55.36,-0.86,0.7
26/11/2024 12:48,-0.32,-0.09,0.63,5.19,-192.2,-54.93,-8.22,26.98
26/11/2024 12:48,-0.72,-0.12,0.65,-6.53,-173.34,-63.9,-10.66,47.57
26/11/2024 12:48,-1.01,-0.17,0.71,-1.1,-139.53,-55.73,-13.21,54.2
26/11/2024 12:48,-1.21,-0.15,0.71,-11.29,-85.21,-28.87,-12.08,59
26/11/2024 12:48,-1.32,-0.11,0.67,-8.67,10.86,10.19,-9.25,62.7
26/11/2024 12:48,-1.47,-0.1,0.61,-5.55,115.23,50.29,-9.25,67.22
26/11/2024 12:48,-0.98,-0.01,0.5,-5.68,231.02,90.76,-0.84,62.87
26/11/2024 12:48,-0.54,-0.03,0.45,-10.44,283.08,109.19,-4.3,50.2
26/11/2024 12:48,0.19,0.05,0.28,-4.39,293.09,106.81,10.32,-32.92
26/11/2024 12:48,0.67,0.09,0,-8.24,279.6,96.86,90,-82.52
26/11/2024 12:48,0.93,0.28,-0.49,-13.85,261.29,83.68,150.07,-58.63
26/11/2024 12:48,0.84,0.32,-0.84,-19.1,230.29,77.03,159.36,-43.13
26/11/2024 12:48,0.56,0.28,-1.11,-9.77,182.56,61.71,165.6,-26.11
26/11/2024 12:48,0.36,0.39,-1.17,-31.86,120.54,34.3,161.44,-16.14
26/11/2024 12:48,0.26,0.34,-1.15,-14.53,40.41,9.09,163.49,-12.33
26/11/2024 12:48,0.22,0.32,-1.04,-4.33,-5.19,0.92,163.14,-11.6
26/11/2024 12:48,0.17,0.26,-0.89,-7.2,-16.48,-2.2,163.63,-10.4
26/11/2024 12:48,0.15,0.24,-0.78,-5,-21.97,-8.42,162.77,-10.53
26/11/2024 12:48,0.18,0.26,-0.79,-16.48,-19.78,-12.33,162,-12.27
26/11/2024 12:48,0.25,0.27,-0.76,-18.55,-16.24,-13.43,160.29,-16.85
26/11/2024 12:48,0.3,0.33,-0.81,-21.3,-9.09,-8.48,157.5,-19.25
26/11/2024 12:48,0.35,0.29,-0.86,-8.06,0.61,-2.32,161.46,-21.4
26/11/2024 12:48,0.37,0.26,-0.91,-13.06,3.97,0.98,163.9,-21.09
26/11/2024 12:48,0.39,0.3,-1.01,-20.75,-2.08,2.81,163.2,-20.35
26/11/2024 12:48,0.46,0.34,-1.14,-18.55,-44.74,-9.83,163.33,-21.16
26/11/2024 12:48,0.68,0.29,-1.35,-24.05,-118.35,-30.21,167.71,-26.26
26/11/2024 12:48,0.79,0.25,-1.16,-20.14,-170.53,-39.43,167.8,-33.69
26/11/2024 12:48,0.82,0.18,-0.83,-12.88,-204.04,-44.8,167.74,-44.08
26/11/2024 12:48,0.8,0.1,-0.48,-9.22,-222.05,-50.96,167.88,-58.29
26/11/2024 12:48,0.75,0.09,-0.05,-16.85,-217.1,-48.58,121.33,-82.06
26/11/2024 12:48,0.47,-0.02,0.3,-11.6,-208.62,-49.26,-3.31,-57.86
26/11/2024 12:48,0.27,-0.04,0.54,-14.4,-206.6,-56.34,-3.96,-26.1
26/11/2024 12:48,-0.01,-0.03,0.72,-15.08,-199.89,-64.39,-2.61,1.05
26/11/2024 12:48,-0.35,-0.09,0.69,5,-193.6,-72.88,-7.69,26.57
26/11/2024 12:48,-0.73,-0.1,0.66,-11.23,-186.04,-74.4,-8.21,47.55
26/11/2024 12:48,-1.09,-0.13,0.61,-9.03,-163.15,-58.78,-12.42,60.22
26/11/2024 12:48,-1.32,-0.09,0.68,-8.73,-102.78,-28.44,-7.62,62.38
26/11/2024 12:48,-1.35,-0.1,0.63,-9.16,2.2,9.77,-9.02,64.74
26/11/2024 12:48,-1.38,-0.07,0.61,-10.56,116.64,52.37,-6.54,65.97
26/11/2024 12:48,-1.2,-0.02,0.59,-4.64,203.49,79.41,-1.99,63.93
26/11/2024 12:48,-0.79,0.02,0.53,10.07,248.96,86.24,2.69,55.95
26/11/2024 12:48,-0.17,-0.05,0.41,2.38,278.32,86.98,-6.35,22.36
26/11/2024 12:48,0.35,-0.11,0.2,8.73,272.28,84.72,-28.11,-57.23
26/11/2024 12:48,0.79,-0.01,-0.13,3.97,259.89,83.8,-175.39,-80.42
26/11/2024 12:48,0.89,0.15,-0.59,2.26,236.69,75.38,165.46,-55.61
26/11/2024 12:48,0.77,0.16,-0.99,-31.19,207.95,63.11,170.76,-37.52
26/11/2024 12:48,0.56,0.27,-1.11,-5.74,157.17,48.22,166.37,-26.31
26/11/2024 12:48,0.37,0.34,-1.14,-16.78,103.88,38.09,163.38,-17.18
26/11/2024 12:48,0.27,0.35,-1.14,-8.06,31.92,16.72,163.04,-12.59
26/11/2024 12:48,0.21,0.35,-1.03,4.03,-14.22,-0.24,161.15,-10.97
26/11/2024 12:48,0.13,0.26,-0.81,-10.68,-17.82,-7.75,162.2,-8.82
26/11/2024 12:48,0.12,0.21,-0.69,-9.7,-16.05,-8.18,162.97,-9.32
26/11/2024 12:48,0.16,0.23,-0.7,-0.49,-10.01,-3.23,162.05,-12.47
26/11/2024 12:48,0.22,0.3,-0.82,-11.47,-3.66,0.61,159.7,-14.33
26/11/2024 12:48,0.29,0.34,-0.91,-0.49,1.04,4.15,159.71,-16.54
26/11/2024 12:48,0.3,0.33,-0.96,-8.42,7.87,6.47,160.8,-16.2
26/11/2024 12:48,0.31,0.3,-0.98,-14.53,4.52,2.93,162.98,-17.01
26/11/2024 12:48,0.29,0.32,-1.04,-22.09,-18.8,-7.57,163.04,-14.8
26/11/2024 12:48,0.4,0.35,-1.17,-17.15,-75.68,-24.05,163.51,-18.2
26/11/2024 12:48,0.67,0.36,-1.32,-4.33,-162.35,-43.21,164.83,-26.18
26/11/2024 12:48,0.85,0.25,-1.08,-12.02,-203.86,-60.24,167.19,-37.6
26/11/2024 12:48,0.86,0.13,-0.68,-22.16,-220.21,-70.74,168.79,-51.18
26/11/2024 12:48,0.83,0.1,-0.26,-21.55,-223.69,-67.14,159.64,-71.36
26/11/2024 12:48,0.66,0.03,0.08,-19.17,-218.2,-63.17,20.41,-82.29
26/11/2024 12:48,0.44,0.02,0.46,-21,-214.9,-65.19,1.99,-43.65
26/11/2024 12:48,0.17,-0.09,0.59,-19.41,-207.76,-64.76,-8.44,-16.24
26/11/2024 12:48,-0.2,-0.12,0.6,-13.12,-200.32,-67.2,-10.93,18.33
26/11/2024 12:48,-0.6,-0.09,0.62,-10.93,-196.29,-68.85,-7.98,43.73
26/11/2024 12:48,-1.05,-0.08,0.63,-3.42,-179.87,-68.24,-7.01,58.83
26/11/2024 12:48,-1.44,-0.1,0.65,-12.45,-121.64,-55.73,-8.69,65.56
26/11/2024 12:48,-1.46,-0.07,0.63,0.85,-3.85,-7.87,-6.05,66.5
26/11/2024 12:48,-1.5,-0.05,0.57,-3.36,136.96,69.64,-4.93,69.12
26/11/2024 12:48,-1.2,0.03,0.44,-1.1,243.84,119.26,3.47,69.74
26/11/2024 12:48,-0.64,-0.01,0.35,-5.19,292.18,127.69,-1.36,61.46
26/11/2024 12:48,0.06,-0.01,0.21,-12.02,308.41,121.03,-3.42,-16.37
26/11/2024 12:48,0.57,0.09,-0.05,1.65,297.49,110.11,119.71,-79.69
26/11/2024 12:48,0.88,0.17,-0.6,4.64,264.65,87.04,163.89,-54.75
26/11/2024 12:48,0.75,0.21,-0.9,-2.87,218.57,66.53,166.83,-39.04
26/11/2024 12:48,0.63,0.4,-1.18,-3.54,156.56,47.79,161.25,-26.93
26/11/2024 12:48,0.5,0.37,-1.17,-19.1,79.83,23.74,162.58,-22.32
26/11/2024 12:48,0.4,0.33,-1.09,-3.11,23.99,12.94,163.19,-19.13
26/11/2024 12:48,0.29,0.3,-0.95,-3.97,-11.23,6.53,162.69,-16.39
26/11/2024 12:48,0.22,0.25,-0.77,-14.65,-24.9,-6.77,162.14,-15.51
26/11/2024 12:48,0.21,0.22,-0.65,-19.59,-22.64,-9.4,161.44,-17.03
26/11/2024 12:48,0.28,0.25,-0.66,-16.48,-15.69,-7.45,159.36,-21.85
26/11/2024 12:48,0.36,0.24,-0.77,-2.56,-6.65,-1.34,162.74,-24.05
26/11/2024 12:48,0.49,0.4,-0.92,-11.9,3.54,2.69,156.51,-25.95
26/11/2024 12:48,0.49,0.32,-0.91,-9.46,10.93,0.31,160.8,-26.86
26/11/2024 12:48,0.43,0.25,-0.92,-13.85,12.45,-2.01,164.69,-24.45
26/11/2024 12:48,0.46,0.28,-1,-16.42,-6.9,-3.11,164.29,-23.77
26/11/2024 12:48,0.61,0.3,-1.17,-8.73,-69.34,-12.27,165.51,-26.82
26/11/2024 12:48,0.87,0.27,-1.27,-10.25,-142.52,-31.37,167.82,-33.76
26/11/2024 12:48,0.96,0.23,-1.06,-14.83,-188.72,-49.8,167.57,-41.64
26/11/2024 12:48,0.95,0.16,-0.66,-15.87,-211.98,-60.24,166.73,-54.26
26/11/2024 12:48,0.89,0.11,-0.37,-21.42,-222.11,-60.61,162.82,-66.39
26/11/2024 12:48,0.65,0.03,0,-20.02,-231.38,-58.23,97,-87.51
26/11/2024 12:48,0.34,-0.02,0.35,-14.71,-230.1,-54.26,-3.94,-44.53
26/11/2024 12:48,0.05,-0.04,0.57,-16.17,-218.69,-58.29,-4.28,-5.42
26/11/2024 12:48,-0.32,-0.03,0.72,-13.24,-209.78,-64.76,-2.37,24.15
26/11/2024 12:48,-0.65,-0.07,0.65,8.97,-196.78,-66.22,-5.93,44.78
26/11/2024 12:48,-1.02,-0.09,0.52,-0.67,-155.46,-60.36,-9.75,62.6
26/11/2024 12:48,-1.39,-0.07,0.65,-7.69,-90.7,-41.93,-6.38,64.72
26/11/2024 12:48,-1.52,-0.11,0.7,-2.14,16.66,9.83,-8.53,64.96
26/11/2024 12:48,-1.39,-0.07,0.57,-8.12,143.8,73.67,-7.36,67.32
26/11/2024 12:48,-1.08,-0.02,0.52,-6.29,235.17,108.95,-1.73,64.32
26/11/2024 12:48,-0.58,-0.03,0.42,-5.31,281.92,115.42,-3.68,54.36
26/11/2024 12:48,0.12,0.02,0.24,-16.36,299.99,105.22,4.75,-26.63
26/11/2024 12:48,0.69,0.23,-0.07,11.54,293.33,96.25,105.95,-70.83
26/11/2024 12:48,0.98,0.22,-0.59,0.85,264.53,86.12,159.87,-57.29
26/11/2024 12:48,0.83,0.11,-0.92,-19.23,209.78,69.15,173.21,-41.64
26/11/2024 12:48,0.58,0.28,-1.02,-9.22,162.54,47.55,164.77,-28.5
26/11/2024 12:48,0.45,0.34,-1.11,-29.36,114.81,29.36,163.2,-21.18
26/11/2024 12:48,0.32,0.31,-1.11,-8.42,38.15,7.45,164.5,-15.57
26/11/2024 12:48,0.29,0.3,-1.06,7.45,-9.58,2.62,164.11,-14.77
26/11/2024 12:48,0.21,0.23,-0.89,-5.8,-13.79,-0.73,165.66,-13.08
26/11/2024 12:48,0.15,0.2,-0.79,-15.99,-18.92,-3.91,165.91,-10.38
26/11/2024 12:48,0.17,0.16,-0.68,-16.11,-24.66,-3.17,167.01,-14.12
26/11/2024 12:48,0.23,0.23,-0.76,-9.34,-22.03,-2.87,163.23,-16.22
26/11/2024 12:48,0.34,0.32,-0.81,-3.17,-4.7,-3.17,158.22,-21.32
26/11/2024 12:48,0.48,0.25,-0.97,-6.1,6.9,2.81,165.45,-25.71
26/11/2024 12:48,0.46,0.27,-1,-3.66,9.09,4.46,165.08,-24.02
26/11/2024 12:48,0.4,0.26,-0.99,-15.14,0.79,-3.54,165.39,-21.11
26/11/2024 12:48,0.44,0.31,-1.08,-22.58,-34,-9.03,164.12,-21.38
26/11/2024 12:48,0.67,0.32,-1.32,-8.42,-114.69,-21.42,166.18,-26.18
26/11/2024 12:48,0.92,0.25,-1.27,-10.01,-186.52,-45.78,168.67,-35.41
26/11/2024 12:48,0.95,0.14,-0.97,-17.15,-225.22,-62.99,171.86,-43.92
26/11/2024 12:48,0.93,0.04,-0.56,-17.46,-247.74,-67.26,175.69,-58.93
26/11/2024 12:48,0.64,0.02,-0.12,-26.61,-244.02,-60,170.31,-79.5
26/11/2024 12:48,0.37,-0.01,0.22,-23.13,-239.69,-57.01,-1.51,-59.24
26/11/2024 12:48,0.03,-0.08,0.5,-16.85,-230.16,-59.88,-8.79,-3.58
26/11/2024 12:48,-0.23,-0.13,0.73,-17.64,-211.91,-56.21,-9.88,17.08
26/11/2024 12:48,-0.69,-0.06,0.69,4.46,-185.3,-58.78,-4.64,45.17
26/11/2024 12:48,-0.94,-0.11,0.63,-9.58,-136.41,-64.82,-10.07,55.68
26/11/2024 12:48,-1.21,-0.06,0.69,-7.32,-89.97,-40.83,-4.92,60.19
26/11/2024 12:48,-1.34,-0.11,0.72,-0.79,-15.14,-6.65,-8.6,61.47
26/11/2024 12:48,-1.42,-0.11,0.66,-11.78,78.37,44.74,-9.26,64.55
26/11/2024 12:48,-1.23,-0.09,0.53,-11.35,176.64,90.58,-9.77,66.33
26/11/2024 12:48,-0.78,0,0.39,-14.1,264.34,114.01,-0.28,63.31
26/11/2024 12:48,-0.15,-0.01,0.28,-23.32,313.42,112.12,-2.67,27.17
26/11/2024 12:48,0.5,0.16,-0.05,-5.55,312.07,102.72,108.59,-71.53
26/11/2024 12:48,1,0.24,-0.62,-12.39,280.94,80.69,158.85,-56.35
26/11/2024 12:48,0.95,0.27,-0.88,-27.83,237.73,61.58,162.85,-45.86
26/11/2024 12:48,0.71,0.31,-1.07,0.92,197.2,47,163.54,-32.53
26/11/2024 12:48,0.46,0.29,-1.16,-11.96,149.9,32.35,165.95,-21.04
26/11/2024 12:48,0.23,0.33,-1.18,-10.74,61.71,12.21,164.11,-10.7
26/11/2024 12:48,0.18,0.27,-1.1,2.2,-20.69,-4.27,166.25,-9.12
26/11/2024 12:48,0.16,0.2,-0.86,-10.62,-29.6,-5.8,167.14,-10.01
26/11/2024 12:48,0.12,0.18,-0.71,-21.61,-17.76,-6.9,165.91,-9.11
26/11/2024 12:48,0.21,0.21,-0.7,-4.03,-15.26,-5.37,163.48,-15.94
26/11/2024 12:48,0.3,0.22,-0.84,-13.37,-1.04,-0.24,165.61,-19.06
26/11/2024 12:48,0.35,0.28,-0.92,-2.32,-1.46,4.21,162.82,-20.15
26/11/2024 12:48,0.38,0.27,-0.98,-0.55,-4.15,5.74,164.85,-20.31
26/11/2024 12:48,0.35,0.24,-0.98,-19.29,-4.52,-3.85,166.08,-18.79
26/11/2024 12:48,0.33,0.25,-0.93,-21.12,-9.34,-8.36,165.01,-19.19
26/11/2024 12:48,0.41,0.42,-1.14,-18.86,-46.88,-9.95,159.64,-18.61
26/11/2024 12:48,0.67,0.34,-1.34,5,-144.78,-34.67,165.65,-25.62
26/11/2024 12:48,0.94,0.21,-1.25,1.53,-212.89,-56.27,170.43,-36.72
26/11/2024 12:48,1,0.13,-0.75,-12.57,-238.46,-65.12,169.98,-52.61
26/11/2024 12:48,0.87,0.07,-0.4,-19.71,-233.76,-59.45,169.76,-65.08
26/11/2024 12:48,0.56,0.08,0.01,-18.25,-224.67,-61.46,84.29,-82.08
26/11/2024 12:48,0.32,0.01,0.31,-18.31,-223.88,-64.64,2.61,-45.59
26/11/2024 12:48,-0.01,-0.02,0.49,-12.82,-226.07,-69.34,-2.22,1.14
26/11/2024 12:48,-0.39,-0.04,0.58,-10.5,-220.58,-75.2,-3.69,33.56
26/11/2024 12:48,-0.87,-0.07,0.62,2.5,-212.04,-77.33,-6.05,54.43
26/11/2024 12:48,-1.23,-0.15,0.61,-1.95,-168.95,-62.44,-13.29,62.88
26/11/2024 12:48,-1.56,-0.09,0.7,-18.8,-67.87,-23.8,-7.1,65.64
26/11/2024 12:48,-1.51,-0.12,0.6,-13.98,89.42,42.05,-11.01,67.89
26/11/2024 12:48,-1.36,-0.01,0.53,-8.18,233.28,95.15,-1.21,68.66
26/11/2024 12:48,-0.92,0.03,0.49,0.18,300.72,112.73,3.44,62.02
26/11/2024 12:48,-0.24,-0.04,0.18,-13,324.34,109.44,-11.83,52.88
26/11/2024 12:48,0.33,0.11,-0.14,7.75,316.89,96.44,141.82,-61.28
26/11/2024 12:48,0.67,0.09,-0.65,-21.18,305.85,86.98,171.91,-45.79
26/11/2024 12:48,0.7,0.17,-1.1,-9.95,279.85,78.55,171.44,-32.35
26/11/2024 12:48,0.47,0.45,-1.39,0.55,198.36,56.4,161.86,-17.72
26/11/2024 12:48,0.31,0.38,-1.35,-11.11,92.29,22.46,164.33,-12.64
26/11/2024 12:48,0.21,0.35,-1.18,3.48,4.82,0.73,163.51,-9.51
26/11/2024 12:48,0.17,0.28,-0.96,-4.33,-28.69,-5.07,163.51,-9.48
26/11/2024 12:48,0.15,0.22,-0.82,-14.95,-28.44,-9.83,165.03,-10.32
26/11/2024 12:48,0.2,0.2,-0.72,-18.31,-20.14,-8.36,164.38,-14.75
26/11/2024 12:48,0.28,0.23,-0.75,-8.12,-9.89,-3.66,163.23,-19.62
26/11/2024 12:48,0.28,0.26,-0.84,-17.15,2.01,-0.85,162.64,-17.34
26/11/2024 12:48,0.33,0.34,-0.87,-9.46,0.49,-5.62,158.84,-19.37
26/11/2024 12:48,0.38,0.29,-0.98,-8.73,-5.49,-8.91,163.69,-20.7
26/11/2024 12:48,0.39,0.21,-0.95,-13.67,-14.65,-7.87,167.75,-21.97
26/11/2024 12:48,0.46,0.21,-1.13,-19.23,-36.68,-9.95,169.34,-21.76
26/11/2024 12:48,0.69,0.24,-1.24,-9.77,-101.07,-17.4,169.1,-28.72
26/11/2024 12:48,0.87,0.21,-1.22,2.93,-166.93,-29.79,170.16,-35.21
26/11/2024 12:48,0.94,0.21,-0.94,-4.33,-205.93,-46.2,167.18,-44.26
26/11/2024 12:48,0.9,0.15,-0.56,-10.62,-225.34,-57.98,165.49,-57.27
26/11/2024 12:48,0.74,0.11,-0.13,-10.38,-227.42,-63.05,140.65,-76.88
26/11/2024 12:48,0.54,-0.01,0.24,-13.49,-216,-69.82,-1.73,-65.89
26/11/2024 12:48,0.25,-0.05,0.51,-16.36,-200.26,-69.09,-5.97,-26.4
26/11/2024 12:48,-0.02,-0.11,0.65,-15.01,-191.04,-66.1,-9.23,1.74
26/11/2024 12:48,-0.28,-0.06,0.71,-9.34,-190.92,-71.29,-4.71,21.33
26/11/2024 12:48,-0.81,-0.18,0.65,-5.07,-189.09,-69.89,-15.62,50.19
26/11/2024 12:48,-1.12,-0.21,0.64,-18.92,-159.36,-54.75,-17.93,59.23
26/11/2024 12:48,-1.47,-0.22,0.82,-14.1,-69.4,-9.7,-14.83,59.99
26/11/2024 12:48,-1.48,-0.16,0.71,-12.94,78.19,52.86,-12.62,64
26/11/2024 12:48,-1.29,-0.09,0.51,-24.48,196.72,77.09,-10.21,68.27
26/11/2024 12:48,-0.87,-0.03,0.45,-8.67,264.16,89.23,-4.02,62.38
26/11/2024 12:48,-0.19,-0.06,0.37,-9.09,289.67,95.95,-9.45,27.11
26/11/2024 12:48,0.5,0.12,0.07,-2.2,279.3,91.13,59.07,-74.52
26/11/2024 12:48,0.9,0.06,-0.28,-18.01,245.36,75.81,168.63,-72.41
26/11/2024 12:48,1.05,0.13,-0.58,-16.72,210.82,61.28,167.34,-60.27
26/11/2024 12:48,0.8,0.24,-0.79,-33.75,182.31,52,162.98,-43.96
26/11/2024 12:48,0.64,0.24,-1,-18.37,154.17,44.98,166.56,-31.91
26/11/2024 12:48,0.51,0.34,-1.17,-10.86,107.67,38.88,163.81,-22.78
26/11/2024 12:48,0.35,0.3,-1.12,-4.46,30.21,20.87,165.01,-16.83
26/11/2024 12:48,0.26,0.26,-0.96,-5.92,-4.7,3.23,164.89,-14.46
26/11/2024 12:48,0.18,0.23,-0.8,-11.96,-8.91,-1.53,163.92,-11.93
26/11/2024 12:48,0.11,0.21,-0.67,-3.36,-15.63,-2.99,162.81,-9.25
26/11/2024 12:48,0.15,0.29,-0.67,8.24,-12.08,-7.32,156.45,-11.48
26/11/2024 12:48,0.27,0.32,-0.8,-30.33,0.24,-6.41,158.01,-17.69
26/11/2024 12:48,0.41,0.31,-0.97,-17.21,3.42,-0.85,162.54,-22.03
26/11/2024 12:48,0.44,0.23,-1,-13.98,7.32,8.12,167.16,-23.41
26/11/2024 12:48,0.38,0.22,-0.99,-18.01,4.27,1.71,167.42,-20.56
26/11/2024 12:48,0.35,0.21,-1.03,-31.68,-15.14,-5.86,168.5,-18.62
26/11/2024 12:48,0.56,0.26,-1.25,-16.85,-78.67,-11.84,168.15,-23.55
26/11/2024 12:48,0.84,0.24,-1.39,-3.3,-171.87,-27.83,170.19,-30.87
26/11/2024 12:48,0.99,0.23,-1.12,-12.39,-222.11,-48.03,168.49,-40.68
26/11/2024 12:48,0.87,0.12,-0.67,-1.95,-237.24,-54.32,169.77,-52.15
26/11/2024 12:48,0.72,0.11,-0.3,-4.94,-232.48,-52.37,160.8,-65.87
26/11/2024 12:48,0.5,-0.01,0.05,-4.09,-228.76,-56.21,-15.58,-84.01
26/11/2024 12:48,0.25,-0.03,0.33,-6.29,-227.91,-62.68,-4.84,-36.95
26/11/2024 12:48,-0.11,-0.08,0.54,-9.95,-221.92,-72.63,-8.72,11.25
26/11/2024 12:48,-0.5,-0.08,0.68,-4.21,-211.85,-77.39,-6.52,36.24
26/11/2024 12:48,-0.99,-0.08,0.72,6.96,-189.33,-78.74,-6.23,54.02
26/11/2024 12:48,-1.14,-0.17,0.69,-9.52,-126.04,-60.61,-13.6,58.01
26/11/2024 12:48,-1.46,-0.15,0.72,-5,-32.17,-11.41,-11.83,63.19
26/11/2024 12:48,-1.57,-0.06,0.71,-11.54,124.57,63.29,-4.65,65.66
26/11/2024 12:48,-1.25,0.01,0.47,-3.42,242.07,117.13,0.84,69.48
26/11/2024 12:48,-0.73,-0.16,0.32,-3.97,307.43,139.34,-26.57,63.71
26/11/2024 12:49,-0.03,0,0.08,-24.84,339.11,122.92,1.06,18.11
26/11/2024 12:49,0.51,0.13,-0.42,0.06,330.69,113.83,162.27,-48.95
26/11/2024 12:49,0.73,0.33,-0.88,-43.76,295.84,91.43,159.17,-37.76
26/11/2024 12:49,0.67,0.35,-1.3,-21.18,227.11,64.15,165.08,-26.64
26/11/2024 12:49,0.44,0.42,-1.39,-28.32,149.96,26.43,163.01,-16.85
26/11/2024 12:49,0.28,0.36,-1.24,-12.88,50.96,8.97,163.96,-12.12
26/11/2024 12:49,0.19,0.3,-1.07,9.09,-16.6,-0.49,164.45,-9.57
26/11/2024 12:49,0.13,0.17,-0.86,-8.85,-24.48,-5.68,169.06,-8.31
26/11/2024 12:49,0.13,0.17,-0.72,-15.2,-22.52,-5.37,166.99,-9.76
26/11/2024 12:49,0.22,0.23,-0.73,0.61,-13.92,3.05,162.81,-16.16
26/11/2024 12:49,0.26,0.2,-0.83,2.56,-5.31,0.79,166.37,-17.08
26/11/2024 12:49,0.37,0.3,-0.89,-10.44,-3.3,1.04,161.46,-21.28
26/11/2024 12:49,0.44,0.31,-0.98,-4.46,-0.12,5.37,162.31,-23.42
26/11/2024 12:49,0.43,0.28,-1.06,-4.82,-5.86,-0.98,165.04,-21.34
26/11/2024 12:49,0.5,0.34,-1.17,-4.7,-56.46,-19.71,163.82,-22.27
26/11/2024 12:49,0.71,0.33,-1.3,-4.76,-131.96,-38.64,165.8,-27.98
26/11/2024 12:49,0.94,0.32,-1.2,-1.83,-192.69,-58.29,165.18,-37.27
26/11/2024 12:49,0.98,0.22,-0.88,-4.46,-233.46,-75.07,165.68,-47.22
26/11/2024 12:49,0.88,0.18,-0.48,-7.02,-254.33,-84.35,159.18,-60.04
26/11/2024 12:49,0.54,0.08,-0.11,-22.83,-252.56,-85.82,143.17,-75.61
26/11/2024 12:49,0.18,0.04,0.22,-28.44,-247.5,-78.8,11.26,-39.08
26/11/2024 12:49,-0.23,-0.01,0.51,-22.83,-237.24,-74.83,-1.09,24.12
26/11/2024 12:49,-0.61,0.04,0.74,-15.56,-222.6,-70.01,3.34,39.27
26/11/2024 12:49,-0.85,-0.19,0.6,5.86,-193.54,-66.28,-17.49,53.7
26/11/2024 12:49,-1.2,-0.18,0.52,-15.99,-127.81,-52.43,-18.82,65.25
26/11/2024 12:49,-1.46,-0.08,0.69,-16.85,-49.44,-23.19,-6.66,64.65
26/11/2024 12:49,-1.36,-0.06,0.59,-12.27,61.95,30.88,-5.63,66.27
26/11/2024 12:49,-1.35,-0.01,0.49,-1.83,182.98,81.05,-1.59,69.89
26/11/2024 12:49,-0.98,0.01,0.47,-2.08,272.77,108.58,1.78,64.34
26/11/2024 12:49,-0.42,-0.1,0.32,-16.6,318.05,110.05,-16.85,51.63
26/11/2024 12:49,0.29,-0.04,0.06,-16.05,321.23,99.49,-36.03,-75.95
26/11/2024 12:49,0.71,0.01,-0.41,-0.73,288.09,96.5,178.78,-59.89
26/11/2024 12:49,0.89,0.22,-0.86,-14.95,243.1,88.56,165.9,-45.08
26/11/2024 12:49,0.69,0.37,-1.1,-13.61,199.83,71.84,161.47,-30.63
26/11/2024 12:49,0.47,0.48,-1.17,-8.3,140.69,50.9,157.82,-20.35
26/11/2024 12:49,0.32,0.44,-1.14,-6.04,55.91,29.85,158.94,-14.45
26/11/2024 12:49,0.23,0.44,-1,-3.42,-5.8,9.28,156.16,-12.09
26/11/2024 12:49,0.16,0.36,-0.87,-9.77,-19.41,-2.99,157.39,-9.64
26/11/2024 12:49,0.09,0.3,-0.68,-28.2,-22.77,-13.37,156.31,-6.97
26/11/2024 12:49,0.16,0.35,-0.66,-20.32,-23.68,-14.71,152.2,-12.22
26/11/2024 12:49,0.27,0.33,-0.75,-19.78,-2.69,-9.83,156.1,-18.12
26/11/2024 12:49,0.34,0.28,-0.87,-6.9,10.99,-2.38,162.13,-20.52
26/11/2024 12:49,0.36,0.3,-0.94,-7.39,5.43,0.24,162.01,-20.32
26/11/2024 12:49,0.43,0.24,-1.01,-16.6,0.98,-5.43,166.5,-22.57
26/11/2024 12:49,0.55,0.25,-1.24,-32.84,-22.52,-9.89,168.4,-23.39
26/11/2024 12:49,0.7,0.36,-1.42,-10.8,-132.63,-27.65,165.63,-25.64
26/11/2024 12:49,0.98,0.29,-1.3,-6.96,-210.69,-48.77,167.28,-36.33
26/11/2024 12:49,0.93,0.24,-0.93,-11.23,-242.25,-68.3,165.31,-44.12
26/11/2024 12:49,0.81,0.1,-0.53,-18.25,-250.98,-77.45,169.13,-56.54
26/11/2024 12:49,0.53,0.07,-0.06,-20.45,-244.08,-70.19,134.14,-80.23
26/11/2024 12:49,0.32,-0.02,0.17,-15.63,-237.92,-74.16,-6.25,-62.24
26/11/2024 12:49,-0.18,-0.04,0.45,-19.96,-229.37,-74.83,-5.75,21.35
26/11/2024 12:49,-0.48,-0.03,0.66,-12.94,-225.04,-75.5,-2.36,35.98
26/11/2024 12:49,-0.83,-0.13,0.63,-10.8,-199.46,-75.93,-11.47,52.09
26/11/2024 12:49,-1.15,-0.14,0.55,-14.59,-158.69,-50.23,-13.75,63.6
26/11/2024 12:49,-1.58,-0.11,0.67,-7.2,-82.7,-16.97,-9.37,66.85
26/11/2024 12:49,-1.58,-0.07,0.63,-16.66,74.04,34.06,-6.67,68.07
26/11/2024 12:49,-1.38,-0.04,0.41,-19.41,215.58,77.64,-5.35,73.27
26/11/2024 12:49,-0.9,0.05,0.37,3.48,282.35,106.75,7.19,67.7
26/11/2024 12:49,-0.28,-0.16,0.18,0.49,310.18,115.97,-40.73,49.26
26/11/2024 12:49,0.4,0.03,0.01,1.1,311.77,101.07,71.05,-85.07
26/11/2024 12:49,0.98,0.1,-0.54,-6.9,291.44,91.31,169.48,-60.51
26/11/2024 12:49,0.96,0.16,-0.82,-26.06,254.39,64.64,169.07,-49.03
26/11/2024 12:49,0.64,0.33,-1.05,1.53,207.4,49.5,162.48,-30.03
26/11/2024 12:49,0.41,0.36,-1.15,1.34,148.07,52.12,162.62,-18.67
26/11/2024 12:49,0.25,0.39,-1.17,-3.42,54.5,30.64,161.49,-11.61
26/11/2024 12:49,0.17,0.38,-1.02,3.78,-11.78,0.49,159.66,-9.12
26/11/2024 12:49,0.07,0.24,-0.79,-16.05,-21.61,-9.7,163.09,-4.6
26/11/2024 12:49,0.06,0.19,-0.68,-22.34,-24.6,-11.23,164.69,-5.3
26/11/2024 12:49,0.2,0.23,-0.73,-3.6,-25.45,-11.66,162.55,-14.63
26/11/2024 12:49,0.36,0.31,-0.91,-7.81,-7.02,-1.16,161.05,-20.24
26/11/2024 12:49,0.41,0.29,-1.01,-8.3,8.97,0.12,164.09,-21.37
26/11/2024 12:49,0.41,0.27,-1.04,-16.97,6.77,-0.18,165.55,-21.01
26/11/2024 12:49,0.44,0.38,-1.19,-16.42,-43.27,-7.69,162.52,-19.59
26/11/2024 12:49,0.72,0.34,-1.43,-5.07,-146.48,-27.59,166.49,-26.03
26/11/2024 12:49,0.93,0.33,-1.31,-3.23,-224.37,-52.55,165.72,-34.47
26/11/2024 12:49,0.95,0.2,-0.89,-4.33,-257.51,-73,167.21,-46.2
26/11/2024 12:49,0.72,0.19,-0.32,-14.53,-268.01,-80.57,148.91,-62.64
26/11/2024 12:49,0.5,0.09,0.08,-20.14,-252.93,-79.04,50.22,-76.29
26/11/2024 12:49,0.16,0.03,0.46,-10.8,-227.66,-73.12,4.26,-19.29
26/11/2024 12:49,-0.06,0,0.59,-3.54,-210.21,-71.47,-0.24,6.32
26/11/2024 12:49,-0.5,-0.06,0.66,1.53,-209.23,-75.01,-5.55,36.98
26/11/2024 12:49,-0.94,-0.21,0.52,-24.54,-178.34,-76.11,-21.54,59.04
26/11/2024 12:49,-1.26,-0.07,0.73,-11.72,-118.84,-36.99,-5.58,59.97
26/11/2024 12:49,-1.6,-0.19,0.78,-9.7,-7.39,13.37,-13.88,63.26
26/11/2024 12:49,-1.44,-0.12,0.62,-18.55,150.27,67.02,-10.97,66.3
26/11/2024 12:49,-1.09,0.02,0.34,-3.91,270.26,107.54,3.33,72.81
26/11/2024 12:49,-0.35,-0.1,0.21,-16.66,326.23,119.57,-25.71,56.47
26/11/2024 12:49,0.36,0.12,0.07,-8.91,328.92,108.7,60.05,-69.54
26/11/2024 12:49,0.88,0.12,-0.39,-10.44,307.5,97.23,162.57,-65.27
26/11/2024 12:49,0.83,0.21,-0.93,-29.05,257.51,68.24,167.33,-40.94
26/11/2024 12:49,0.69,0.31,-1.15,-21.73,200.5,49.44,164.74,-30
26/11/2024 12:49,0.45,0.38,-1.2,-22.09,124.02,36.07,162.31,-19.57
26/11/2024 12:49,0.3,0.34,-1.11,-0.37,56.95,22.64,162.82,-14.71
26/11/2024 12:49,0.21,0.33,-1.07,-4.46,3.6,8.79,162.85,-10.81
26/11/2024 12:49,0.13,0.2,-0.88,-10.25,-19.71,-8,167.25,-8.22
26/11/2024 12:49,0.08,0.16,-0.67,-22.71,-25.15,-13.67,166.37,-6.24
26/11/2024 12:49,0.14,0.16,-0.67,-13.98,-18.8,-3.91,167,-11.44
26/11/2024 12:49,0.27,0.24,-0.8,-6.29,-3.3,5.25,163.53,-18.16
26/11/2024 12:49,0.42,0.2,-0.99,4.15,5.86,6.71,168.45,-22.35
26/11/2024 12:49,0.43,0.27,-1.08,-7.14,10.13,1.22,166.02,-21.2
26/11/2024 12:49,0.41,0.26,-1.1,-15.99,-15.93,-7.08,166.6,-20.1
26/11/2024 12:49,0.55,0.34,-1.27,-6.35,-82.82,-17.64,165.05,-22.76
26/11/2024 12:49,0.84,0.36,-1.34,12.45,-176.94,-37.9,164.73,-31.31
26/11/2024 12:49,0.94,0.28,-1.09,4.7,-216.13,-63.05,165.6,-39.86
26/11/2024 12:49,0.89,0.23,-0.74,-13.18,-246.4,-80.02,163.09,-49.07
26/11/2024 12:49,0.76,0.17,-0.32,-12.39,-253.66,-81.97,151.83,-64.64
26/11/2024 12:49,0.41,0.02,0.08,-15.08,-243.96,-79.83,13.28,-78.88
26/11/2024 12:49,0.08,0.03,0.4,-16.72,-231.63,-75.01,4.11,-11.8
26/11/2024 12:49,-0.27,-0.06,0.54,-12.82,-216.13,-76.72,-6.22,26.12
26/11/2024 12:49,-0.65,-0.07,0.68,-12.08,-199.28,-78.06,-5.53,43.77
26/11/2024 12:49,-0.91,-0.06,0.54,1.16,-176.94,-70.8,-6.77,59.15
26/11/2024 12:49,-1.34,-0.11,0.62,-3.66,-133.48,-60.24,-9.58,64.71
26/11/2024 12:49,-1.54,-0.05,0.69,-12.02,-44.56,-22.16,-4.15,65.98
26/11/2024 12:49,-1.47,0,0.62,-1.59,96.37,37.6,0.05,67.07
26/11/2024 12:49,-1.33,-0.03,0.49,2.75,214.48,93.38,-3.48,69.75
26/11/2024 12:49,-0.85,0.02,0.39,13.73,271.06,124.02,3.54,65.54
26/11/2024 12:49,-0.26,-0.06,0.34,-5.98,287.6,124.39,-9.88,37.26
26/11/2024 12:49,0.46,0.09,0.02,-12.82,284.36,105.96,80.63,-78.27
26/11/2024 12:49,0.84,0.09,-0.36,-13.79,265.14,89.97,165.58,-66.2
26/11/2024 12:49,0.91,0.12,-0.73,-21.12,239.07,70.8,170.66,-50.93
26/11/2024 12:49,0.78,0.26,-0.98,-0.61,202.88,43.64,165.1,-37.55
26/11/2024 12:49,0.57,0.29,-1.16,10.93,156.74,36.74,166.03,-25.38
26/11/2024 12:49,0.36,0.3,-1.14,12.15,69.95,27.34,165.15,-16.81
26/11/2024 12:49,0.23,0.29,-1.03,-5.74,-2.62,2.44,164.14,-12.24
26/11/2024 12:49,0.17,0.2,-0.9,-9.95,-19.84,-3.11,167.42,-10.48
26/11/2024 12:49,0.12,0.18,-0.66,-11.47,-31.07,-2.81,164.8,-9.81
26/11/2024 12:49,0.24,0.24,-0.73,-18.31,-21.24,-0.06,161.7,-17.33
26/11/2024 12:49,0.32,0.32,-0.73,-11.72,0.79,4.27,156.17,-21.79
26/11/2024 12:49,0.42,0.29,-0.89,-7.08,12.39,8.61,161.9,-24.09
26/11/2024 12:49,0.42,0.29,-0.98,-9.83,12.15,-1.46,163.65,-22.18
26/11/2024 12:49,0.43,0.24,-1.02,-18.62,5.98,-4.15,166.87,-22.23
26/11/2024 12:49,0.47,0.38,-1.24,-23.19,-39.31,-4.46,162.84,-19.93
26/11/2024 12:49,0.73,0.32,-1.44,-2.38,-150.88,-28.14,167.39,-26.5
26/11/2024 12:49,0.93,0.29,-1.32,-9.03,-217.29,-54.75,167.83,-34.45
26/11/2024 12:49,0.92,0.22,-0.88,-13.18,-256.59,-69.21,165.89,-45.36
26/11/2024 12:49,0.74,0.12,-0.47,-20.81,-265.32,-68.79,165.2,-56.5
26/11/2024 12:49,0.43,0.06,0.07,-17.03,-252.08,-61.04,38.66,-77.75
26/11/2024 12:49,0.12,-0.03,0.36,-14.65,-234.74,-59.33,-4.12,-17.88
26/11/2024 12:49,-0.19,-0.01,0.53,-10.01,-224.85,-64.03,-0.63,19.35
26/11/2024 12:49,-0.54,-0.11,0.64,-1.46,-213.32,-73.06,-10.22,40.11
26/11/2024 12:49,-0.89,-0.05,0.69,-5.49,-185.24,-68.42,-4.07,52.12
26/11/2024 12:49,-1.17,-0.11,0.65,-0.37,-131.04,-50.42,-9.75,60.85
26/11/2024 12:49,-1.5,-0.11,0.72,-5.68,-63.84,-24.11,-8.39,64.08
26/11/2024 12:49,-1.29,-0.11,0.6,-4.52,51.7,24.66,-10.26,64.8
26/11/2024 12:49,-1.43,-0.09,0.53,-10.31,168.46,80.99,-9.84,69.37
26/11/2024 12:49,-1.05,0.07,0.35,-11.47,266.48,114.99,11.1,71.04
26/11/2024 12:49,-0.44,0.03,0.25,-16.91,317.57,123.23,7.91,60.76
26/11/2024 12:49,0.24,0.06,-0.03,-26.18,329.28,108.4,116.93,-74.16
26/11/2024 12:49,0.63,-0.01,-0.4,-13.49,320.07,97.05,-178.24,-57.82
26/11/2024 12:49,0.78,0.09,-1.02,-11.17,281.07,87.71,175.05,-37.37
26/11/2024 12:49,0.66,0.38,-1.38,32.71,195.19,75.68,164.49,-24.62
26/11/2024 12:49,0.34,0.42,-1.23,-57.5,149.23,37.54,161.14,-14.82
26/11/2024 12:49,0.22,0.46,-1.09,-18.19,37.9,2.32,157.26,-10.73
26/11/2024 12:49,0.23,0.38,-1.07,8.54,-16.72,-0.61,160.53,-11.23
26/11/2024 12:49,0.06,0.23,-0.83,-19.35,-18.74,-9.34,164.35,-4.19
26/11/2024 12:49,0.09,0.19,-0.68,-14.28,-29.17,-9.95,164.32,-7.6
26/11/2024 12:49,0.25,0.21,-0.74,-5.86,-11.41,0.67,164.27,-17.82
26/11/2024 12:49,0.32,0.27,-0.89,-7.14,4.94,6.35,162.86,-18.85
26/11/2024 12:49,0.39,0.28,-1,-10.38,6.47,9.16,164.28,-20.53
26/11/2024 12:49,0.43,0.34,-1.12,-19.84,0.12,5.19,162.93,-19.98
26/11/2024 12:49,0.49,0.39,-1.34,-8.3,-66.77,-22.83,163.74,-19.47
26/11/2024 12:49,0.71,0.39,-1.42,-1.83,-162.48,-52.61,164.7,-25.91
26/11/2024 12:49,0.85,0.3,-1.21,-6.9,-214.66,-68.18,165.93,-34.08
26/11/2024 12:49,0.82,0.23,-0.81,-5.62,-250,-78.31,164.07,-44.17
26/11/2024 12:49,0.65,0.15,-0.27,-5.55,-259.4,-78.98,151.08,-64.3
26/11/2024 12:49,0.46,-0.01,0.11,-12.45,-250.67,-87.59,-2.99,-76.33
26/11/2024 12:49,0.1,-0.05,0.41,-23.74,-233.95,-85.21,-6.58,-13.81
26/11/2024 12:49,-0.24,-0.12,0.52,-23.38,-224.49,-83.5,-12.73,24.27
26/11/2024 12:49,-0.59,-0.11,0.63,-9.77,-211.06,-77.88,-9.95,42.82
26/11/2024 12:49,-1.01,-0.12,0.56,-10.68,-190,-71.35,-12.02,60.78
26/11/2024 12:49,-1.41,-0.17,0.61,-2.14,-141.42,-52.19,-15.45,65.73
26/11/2024 12:49,-1.62,-0.17,0.65,-19.65,-15.87,-5.37,-14.61,67.53
26/11/2024 12:49,-1.5,-0.11,0.55,-17.09,141.97,60.73,-11.22,69.61
26/11/2024 12:49,-1.11,-0.01,0.51,-9.77,239.38,93.57,-1.36,65.17
26/11/2024 12:49,-0.55,-0.05,0.45,-6.1,265.14,100.04,-6.94,50.32
26/11/2024 12:49,0.02,-0.04,0.39,-11.47,262.08,90.39,-5.17,-3.29
26/11/2024 12:49,0.57,-0.05,0.15,-27.16,254.58,86.91,-19.44,-74.52
26/11/2024 12:49,0.77,0.02,-0.17,-11.9,235.84,82.46,172.45,-77.48
26/11/2024 12:49,0.82,0.13,-0.52,-44.13,217.53,69.7,166.23,-56.58
26/11/2024 12:49,0.74,0.16,-0.85,-12.45,192.63,54.02,169.44,-40.68
26/11/2024 12:49,0.6,0.25,-1.06,-16.05,157.65,45.23,166.67,-28.76
26/11/2024 12:49,0.43,0.36,-1.15,3.17,106.63,32.04,162.81,-19.62
26/11/2024 12:49,0.26,0.39,-1.1,-5.92,41.14,12.27,160.64,-12.6
26/11/2024 12:49,0.19,0.36,-1.01,-2.2,-10.5,-4.33,160.41,-10.17
26/11/2024 12:49,0.12,0.25,-0.84,-9.28,-20.69,-9.28,163.51,-7.56
26/11/2024 12:49,0.1,0.22,-0.71,-9.03,-19.17,-9.77,162.98,-7.68
26/11/2024 12:49,0.2,0.29,-0.71,-12.15,-8,-5.37,158.12,-14.42
26/11/2024 12:49,0.29,0.29,-0.86,-7.51,2.62,0.24,161.57,-17.85
26/11/2024 12:49,0.3,0.32,-0.91,-3.48,9.16,1.83,160.64,-16.98
26/11/2024 12:49,0.34,0.29,-0.98,-9.16,10.68,1.46,163.4,-18.47
26/11/2024 12:49,0.33,0.34,-1.11,-9.95,-14.71,-2.87,163.19,-15.97
26/11/2024 12:49,0.44,0.38,-1.22,-7.69,-80.87,-20.26,162.65,-19.23
26/11/2024 12:49,0.7,0.35,-1.31,-5.55,-150.33,-45.78,165.18,-27.31
26/11/2024 12:49,0.9,0.28,-1.17,-16.91,-194.46,-63.42,166.51,-36.82
26/11/2024 12:49,0.94,0.23,-0.8,-16.97,-227.23,-71.78,164.05,-48.47
26/11/2024 12:49,0.8,0.1,-0.46,-29.05,-245.06,-72.63,168.19,-59.67
26/11/2024 12:49,0.49,0.06,-0.06,-17.21,-243.23,-65.06,135.91,-79.95
26/11/2024 12:49,0.19,-0.03,0.33,-20.02,-240.42,-64.15,-5.75,-29.51
26/11/2024 12:49,-0.12,-0.06,0.54,-7.14,-235.17,-68.91,-6.82,12.42
26/11/2024 12:49,-0.5,-0.07,0.6,-5.07,-221.31,-76.97,-6.91,39.66
26/11/2024 12:49,-0.87,-0.14,0.55,-5.49,-202.27,-74.16,-14.27,56.62
26/11/2024 12:49,-1.44,-0.14,0.71,-13.12,-166.56,-60.36,-10.93,63.48
26/11/2024 12:49,-1.47,-0.12,0.65,-11.54,-48.65,-17.58,-10.84,65.81
26/11/2024 12:49,-1.42,-0.17,0.61,-4.33,88.87,40.83,-15.66,66.03
26/11/2024 12:49,-1.16,-0.11,0.6,-9.03,174.99,69.03,-10.05,62.28
26/11/2024 12:49,-0.84,-0.09,0.6,5.86,208.13,76.05,-8.42,54.28
26/11/2024 12:49,-0.47,-0.13,0.61,-7.87,231.69,77.82,-11.84,37.09
26/11/2024 12:49,0,-0.11,0.43,-6.84,242.74,85.02,-14.39,0.5
26/11/2024 12:49,0.41,-0.03,0.13,-5.86,249.33,86.61,-14.34,-72.25
26/11/2024 12:49,0.73,0.08,-0.28,-6.59,251.89,86.55,164.33,-67.99
26/11/2024 12:49,0.82,0.19,-0.75,-9.77,237.18,84.41,165.94,-46.65
26/11/2024 12:49,0.62,0.22,-1.04,-33.02,216.74,69.58,167.86,-30.18
26/11/2024 12:49,0.42,0.36,-1.21,0.43,165.16,51.21,163.56,-18.42
26/11/2024 12:49,0.27,0.38,-1.27,-14.89,84.41,30.27,163.45,-11.39
26/11/2024 12:49,0.2,0.44,-1.22,0.49,7.08,9.64,160.14,-8.75
26/11/2024 12:49,0.1,0.29,-0.93,6.04,-31.92,-5.8,162.36,-5.68
26/11/2024 12:49,0.05,0.24,-0.69,-14.16,-33.39,-6.1,160.89,-4.01
26/11/2024 12:49,0.13,0.26,-0.72,-10.74,-22.03,-3.97,159.92,-9.97
26/11/2024 12:49,0.18,0.29,-0.85,-3.17,-11.9,3.42,161.44,-11.57
26/11/2024 12:49,0.41,0.35,-1.03,-8.36,-7.87,5.68,161.37,-20.65
26/11/2024 12:49,0.46,0.36,-1.13,-10.13,-14.71,-6.16,162.42,-21.26
26/11/2024 12:49,0.54,0.39,-1.21,-13,-61.77,-25.51,162.18,-23.05
26/11/2024 12:49,0.68,0.33,-1.26,-5.07,-127.5,-44.92,165.4,-27.65
26/11/2024 12:49,0.78,0.29,-1.1,-15.63,-174.13,-55.48,165.17,-34.45
26/11/2024 12:49,0.79,0.18,-0.81,-19.53,-207.21,-57.25,167.26,-43.43
26/11/2024 12:49,0.83,0.1,-0.45,-19.59,-224.43,-52.98,168.1,-60.88
26/11/2024 12:49,0.64,0.09,-0.05,-14.47,-216.43,-44.01,120.43,-80.45
26/11/2024 12:49,0.42,0.11,0.25,-11.05,-214.97,-47,24.14,-56.81
26/11/2024 12:49,0.15,-0.01,0.54,-4.82,-217.1,-56.7,-1.39,-15.71
26/11/2024 12:49,-0.23,-0.1,0.64,-5.19,-213.56,-70.31,-8.61,19.46
26/11/2024 12:49,-0.55,-0.16,0.72,-2.01,-194.4,-75.74,-12.23,36.81
26/11/2024 12:49,-0.94,-0.16,0.77,1.65,-163.39,-56.03,-11.4,49.98
26/11/2024 12:49,-1.14,-0.21,0.76,-7.26,-113.4,-34.06,-15.34,55.38
26/11/2024 12:49,-1.41,-0.22,0.8,-12.57,-34,-6.1,-15.54,59.35
26/11/2024 12:49,-1.39,-0.21,0.71,-19.1,94.12,42.11,-16.12,61.93
26/11/2024 12:49,-1.27,-0.05,0.54,-22.16,207.21,83.68,-5.26,66.76
26/11/2024 12:49,-0.74,-0.03,0.49,-11.47,266.6,103.88,-3.39,56.39
26/11/2024 12:49,-0.01,-0.01,0.33,-13.24,275.45,96.74,-1.01,1.01
26/11/2024 12:49,0.61,0.02,0.05,-15.81,268.37,79.35,21.61,-85.07
26/11/2024 12:49,0.93,0.18,-0.25,-17.58,230.71,58.72,145.23,-71.58
26/11/2024 12:49,0.99,0.17,-0.52,1.1,190.19,52.8,161.87,-61.06
26/11/2024 12:49,0.85,0.19,-0.71,-5.8,157.71,46.33,164.93,-49.38
26/11/2024 12:49,0.62,0.22,-0.79,-14.59,136.41,43.58,164.25,-37.1
26/11/2024 12:49,0.44,0.21,-0.92,-13.67,120.61,40.16,167.15,-25.11
26/11/2024 12:49,0.36,0.36,-1.18,-23.99,83.13,23.13,162.91,-16.27
26/11/2024 12:49,0.27,0.33,-1.18,-2.56,17.82,9.16,164.38,-12.35
26/11/2024 12:49,0.18,0.28,-0.96,-2.44,-12.63,0.67,163.51,-10.25
26/11/2024 12:49,0.07,0.21,-0.76,-12.45,-22.34,-6.23,164.94,-5.41
26/11/2024 12:49,0.12,0.17,-0.67,-19.71,-21.18,-6.9,165.72,-9.64
26/11/2024 12:49,0.24,0.27,-0.8,-26.49,-2.69,-4.21,161.09,-16.1
26/11/2024 12:49,0.34,0.28,-0.89,-10.86,-1.83,-5.07,162.23,-20.08
26/11/2024 12:49,0.4,0.24,-1.03,-5.74,0.92,0.55,166.68,-20.66
26/11/2024 12:49,0.46,0.25,-1.2,-15.44,-18.55,-3.66,168.06,-20.82
26/11/2024 12:49,0.61,0.25,-1.39,-7.69,-114.01,-23.07,169.63,-23.48
26/11/2024 12:49,0.81,0.24,-1.31,-5,-189.39,-39.06,169.76,-31.26
26/11/2024 12:49,0.87,0.16,-0.92,-8.97,-216.06,-45.9,170.14,-42.84
26/11/2024 12:49,0.82,0.16,-0.53,-12.76,-226.75,-48.83,162.98,-56.16
26/11/2024 12:49,0.7,0.11,-0.18,-13.79,-226.87,-49.38,148.34,-73.52
26/11/2024 12:49,0.48,0.02,0.23,-5.55,-216.8,-50.29,4.94,-64.65
26/11/2024 12:49,0.33,-0.04,0.52,-17.58,-213.32,-53.77,-3.92,-32.4
26/11/2024 12:49,-0.09,-0.01,0.55,0.31,-206.24,-59.81,-0.66,9.71
26/11/2024 12:49,-0.5,-0.09,0.77,10.62,-201.05,-69.52,-6.46,33.04
26/11/2024 12:49,-0.86,-0.17,0.79,6.04,-183.59,-76.84,-11.79,46.63
26/11/2024 12:49,-0.98,-0.19,0.71,-1.1,-125.73,-54.69,-14.68,53.17
26/11/2024 12:49,-1.41,-0.25,0.76,-11.05,-62.74,-18.01,-18.3,60.31
26/11/2024 12:49,-1.26,-0.14,0.7,-21.61,36.07,23.01,-11.37,60.51
26/11/2024 12:49,-1.33,0,0.68,-11.35,133.42,59.69,-0.37,62.97
26/11/2024 12:49,-1.03,0,0.6,5.13,210.21,83.44,-0.09,59.86
26/11/2024 12:49,-0.61,-0.03,0.52,2.93,266.3,101.38,-2.79,49.43
26/11/2024 12:49,0.06,-0.03,0.24,-10.19,297.91,101.75,-7.17,-14.55
26/11/2024 12:49,0.73,0,-0.13,-7.75,291.44,96.25,-178.95,-79.58
26/11/2024 12:49,0.93,0.2,-0.55,-16.42,247.31,78.25,160.18,-58.08
26/11/2024 12:49,0.9,0.22,-0.85,-16.05,203.74,53.83,165.2,-45.77
26/11/2024 12:49,0.69,0.28,-0.96,-11.96,147.64,29.48,163.52,-34.66
26/11/2024 12:49,0.53,0.24,-1.04,-1.04,102.11,22.09,167.08,-26.32
26/11/2024 12:49,0.41,0.27,-1.06,2.56,64.45,21.24,165.43,-20.81
26/11/2024 12:49,0.33,0.28,-1.08,-2.44,25.94,11.05,165.45,-16.62
26/11/2024 12:49,0.26,0.24,-0.98,-3.97,-10.44,1.04,166.08,-14.42
26/11/2024 12:49,0.12,0.17,-0.75,-14.71,-24.17,0,167.49,-8.9
26/11/2024 12:49,0.12,0.18,-0.66,-16.11,-21.67,-1.34,164.27,-10.32
26/11/2024 12:49,0.24,0.18,-0.72,-12.51,-10.31,-4.64,165.71,-17.83
26/11/2024 12:49,0.38,0.27,-0.86,-17.03,9.28,-1.83,162.38,-22.64
26/11/2024 12:49,0.48,0.26,-1.05,-14.89,20.32,8.61,166.06,-23.97
26/11/2024 12:49,0.43,0.28,-1.12,-6.59,5.92,5.98,166.15,-20.61
26/11/2024 12:49,0.44,0.29,-1.19,-12.57,-51.94,-10.31,166.49,-19.88
26/11/2024 12:49,0.67,0.26,-1.33,-3.54,-127.99,-28.56,168.8,-26.32
26/11/2024 12:49,0.89,0.25,-1.21,-10.5,-186.46,-42.36,168.15,-35.76
26/11/2024 12:49,0.83,0.21,-0.93,-12.63,-223.51,-55.42,167.28,-41
26/11/2024 12:49,0.73,0.17,-0.47,-20.26,-242.74,-64.58,160.24,-55.71
26/11/2024 12:49,0.55,0.1,-0.01,-20.57,-242.07,-62.87,95.17,-79.48
26/11/2024 12:49,0.39,0.01,0.28,-17.15,-229.55,-60.42,2.73,-54.54
26/11/2024 12:49,0,-0.03,0.54,-12.82,-221.44,-63.6,-3.12,0.26
26/11/2024 12:49,-0.22,-0.13,0.66,1.34,-211.12,-67.14,-11.49,18.45
26/11/2024 12:49,-0.63,-0.13,0.65,-6.04,-196.35,-64.21,-11.58,43.71
26/11/2024 12:49,-1.05,-0.08,0.65,-2.87,-171.14,-59.88,-7.19,58.24
26/11/2024 12:49,-1.37,-0.17,0.69,-14.16,-113.83,-45.84,-13.82,62.52
26/11/2024 12:49,-1.45,-0.14,0.74,-13.24,2.99,7.93,-10.45,62.63
26/11/2024 12:49,-1.43,-0.09,0.63,-13.31,123.29,61.1,-8.07,65.95
26/11/2024 12:49,-1.15,0.01,0.56,-8.06,207.52,93.14,0.65,64.04
26/11/2024 12:49,-0.69,-0.08,0.5,1.59,249.57,97.05,-8.69,53.85
26/11/2024 12:49,-0.03,-0.06,0.39,-1.95,277.89,91.06,-8.72,3.99
26/11/2024 12:49,0.57,-0.1,0.16,5.68,263.37,94.36,-31.12,-71.54
26/11/2024 12:49,0.87,0.06,-0.21,0.43,240.54,85.63,163.43,-76.22
26/11/2024 12:49,0.94,0.14,-0.59,-16.97,223.39,67.81,166.7,-57.18
26/11/2024 12:49,0.77,0.27,-0.87,-41.75,200.38,55.54,163.13,-40.3
26/11/2024 12:49,0.57,0.29,-0.99,4.82,160.22,51.57,163.95,-28.82
26/11/2024 12:49,0.33,0.31,-1.12,0.79,85.14,47.42,164.29,-16.05
26/11/2024 12:49,0.26,0.36,-1.13,2.32,7.93,13.31,162.38,-12.38
26/11/2024 12:49,0.21,0.3,-0.99,-12.88,-17.21,-7.75,163.28,-11.25
26/11/2024 12:49,0.18,0.24,-0.84,-7.63,-23.38,-14.04,163.82,-11.51
26/11/2024 12:49,0.18,0.28,-0.74,-9.83,-28.26,-2.69,159.09,-13.16
26/11/2024 12:49,0.31,0.24,-0.77,8.48,-28.02,-1.59,162.44,-21.03
26/11/2024 12:49,0.33,0.21,-0.85,-47.36,-5.13,2.56,166.13,-20.93
26/11/2024 12:49,0.2,0.05,-0.84,-38.82,9.58,-14.53,176.6,-13.23
26/11/2024 12:49,0.49,0.16,-0.98,-29.79,-9.7,-12.02,170.51,-26.18
26/11/2024 12:49,0.46,0.24,-0.82,-13.55,-8.97,-12.45,163.65,-28.12
26/11/2024 12:49,0.42,0.07,-0.8,-6.71,-9.09,-9.83,174.84,-27.47
26/11/2024 12:49,0.39,0.13,-0.82,-7.51,-7.45,-12.88,170.62,-25.45
